id,latitude,longitude,reason
3,-4.565473550710278,84.0234375,MAP_ID_NOT_PRESENT_IN_PADI_SITE_LIST
536,35.00862766620555,32.27783203125,MAP_ID_NOT_PRESENT_IN_PADI_SITE_LIST
538,35.14012515937234,32.276458740234375,MAP_ID_NOT_PRESENT_IN_PADI_SITE_LIST
799,49.24718981286537,-2.200956344604492,MAP_ID_NOT_PRESENT_IN_PADI_SITE_LIST
801,49.834439500479235,-1.29638671875,MAP_ID_NOT_PRESENT_IN_PADI_SITE_LIST
802,49.26489212092552,-2.1701431274414062,MAP_ID_NOT_PRESENT_IN_PADI_SITE_LIST
805,49.244948561676736,-2.0788192749023433,MAP_ID_NOT_PRESENT_IN_PADI_SITE_LIST
1035,59.388,22.888,MAP_ID_NOT_PRESENT_IN_PADI_SITE_LIST
1124,67.230688,14.613876,MAP_ID_NOT_PRESENT_IN_PADI_SITE_LIST
1273,37.64083333333333,0.6772222222222222,MAP_ID_NOT_PRESENT_IN_PADI_SITE_LIST
1457,45.7026427819713,13.711549043327977,MAP_ID_NOT_PRESENT_IN_PADI_SITE_LIST
1809,47.65492388022193,9.744400978088379,MAP_ID_NOT_PRESENT_IN_PADI_SITE_LIST
1862,36.928702,22.140759,MAP_ID_NOT_PRESENT_IN_PADI_SITE_LIST
2285,5.545169421240186,-72.90973663330078,MAP_ID_NOT_PRESENT_IN_PADI_SITE_LIST
2582,18.184,-64.541,MAP_ID_NOT_PRESENT_IN_PADI_SITE_LIST
2585,37.113240886048715,-25.42236328125,MAP_ID_NOT_PRESENT_IN_PADI_SITE_LIST
2665,37.887896,27.263003,MAP_ID_NOT_PRESENT_IN_PADI_SITE_LIST
2667,37.908777,27.261625,MAP_ID_NOT_PRESENT_IN_PADI_SITE_LIST
2756,-22.730135229529395,-41.87538743019104,MAP_ID_NOT_PRESENT_IN_PADI_SITE_LIST
2782,43.5217,-116.05523,MAP_ID_NOT_PRESENT_IN_PADI_SITE_LIST
2972,28.607280687460644,-17.923035621643066,MAP_ID_NOT_PRESENT_IN_PADI_SITE_LIST
3254,45.704972,13.719673,MAP_ID_NOT_PRESENT_IN_PADI_SITE_LIST
3305,42.139478,15.522909,MAP_ID_NOT_PRESENT_IN_PADI_SITE_LIST
3312,42.140719,15.515099,MAP_ID_NOT_PRESENT_IN_PADI_SITE_LIST
3313,42.139971,15.512438,MAP_ID_NOT_PRESENT_IN_PADI_SITE_LIST
3314,42.138507,15.509605,MAP_ID_NOT_PRESENT_IN_PADI_SITE_LIST
3315,42.136741,15.50894,MAP_ID_NOT_PRESENT_IN_PADI_SITE_LIST
3316,42.135531,15.509562,MAP_ID_NOT_PRESENT_IN_PADI_SITE_LIST
3318,42.13429,15.507052,MAP_ID_NOT_PRESENT_IN_PADI_SITE_LIST
3838,36.227554,29.380145,MAP_ID_NOT_PRESENT_IN_PADI_SITE_LIST
3847,36.210208,29.349031,MAP_ID_NOT_PRESENT_IN_PADI_SITE_LIST
3848,36.24725,29.398127,MAP_ID_NOT_PRESENT_IN_PADI_SITE_LIST
3849,36.262909,29.396517,MAP_ID_NOT_PRESENT_IN_PADI_SITE_LIST
3860,12.140996,-68.276226,MAP_ID_NOT_PRESENT_IN_PADI_SITE_LIST
3922,45.227075,-63.98725,MAP_ID_NOT_PRESENT_IN_PADI_SITE_LIST
3944,41.207177,13.58202,MAP_ID_NOT_PRESENT_IN_PADI_SITE_LIST
3964,27.54,32.6,MAP_ID_NOT_PRESENT_IN_PADI_SITE_LIST
3993,25.55,30.42,MAP_ID_NOT_PRESENT_IN_PADI_SITE_LIST
3994,26.3,28.03,MAP_ID_NOT_PRESENT_IN_PADI_SITE_LIST
4079,38.203453,13.266249,MAP_ID_NOT_PRESENT_IN_PADI_SITE_LIST
4254,52.202268,6.111596,MAP_ID_NOT_PRESENT_IN_PADI_SITE_LIST
4390,49.745761,-95.208646,MAP_ID_NOT_PRESENT_IN_PADI_SITE_LIST
4469,37.602366,-122.509854,MAP_ID_NOT_PRESENT_IN_PADI_SITE_LIST
4553,36.152603,29.627595,MAP_ID_NOT_PRESENT_IN_PADI_SITE_LIST
4563,36.152846,29.617596,MAP_ID_NOT_PRESENT_IN_PADI_SITE_LIST
4564,36.152932,29.627488,MAP_ID_NOT_PRESENT_IN_PADI_SITE_LIST
4565,36.154786,29.632015,MAP_ID_NOT_PRESENT_IN_PADI_SITE_LIST
4566,36.166289,29.62635,MAP_ID_NOT_PRESENT_IN_PADI_SITE_LIST
4567,36.16227,29.629483,MAP_ID_NOT_PRESENT_IN_PADI_SITE_LIST
4568,36.163301,29.623743,MAP_ID_NOT_PRESENT_IN_PADI_SITE_LIST
4569,36.136072,29.654331,MAP_ID_NOT_PRESENT_IN_PADI_SITE_LIST
4644,46.608722,142.965678,MAP_ID_NOT_PRESENT_IN_PADI_SITE_LIST
4645,49.258395,-2.103195,MAP_ID_NOT_PRESENT_IN_PADI_SITE_LIST
4665,49.258619,-2.101822,MAP_ID_NOT_PRESENT_IN_PADI_SITE_LIST
4666,49.159257,-2.099075,MAP_ID_NOT_PRESENT_IN_PADI_SITE_LIST
4667,49.26422,-2.16877,MAP_ID_NOT_PRESENT_IN_PADI_SITE_LIST
4668,49.134104,-2.103882,MAP_ID_NOT_PRESENT_IN_PADI_SITE_LIST
4687,18.280398,-87.833698,MAP_ID_NOT_PRESENT_IN_PADI_SITE_LIST
4700,-40.886005,-65.037861,MAP_ID_NOT_PRESENT_IN_PADI_SITE_LIST
4711,24.527135,55.546875,MAP_ID_NOT_PRESENT_IN_PADI_SITE_LIST
4712,19.634,37.29,MAP_ID_NOT_PRESENT_IN_PADI_SITE_LIST
4774,38.874561,121.557327,MAP_ID_NOT_PRESENT_IN_PADI_SITE_LIST
4776,38.839859,121.507515,MAP_ID_NOT_PRESENT_IN_PADI_SITE_LIST
4777,38.851772,121.628662,MAP_ID_NOT_PRESENT_IN_PADI_SITE_LIST
4778,29.771801,114.824866,MAP_ID_NOT_PRESENT_IN_PADI_SITE_LIST
4781,23.535439,117.698502,MAP_ID_NOT_PRESENT_IN_PADI_SITE_LIST
4783,40.397138,118.298424,MAP_ID_NOT_PRESENT_IN_PADI_SITE_LIST
4785,29.600992,119.018693,MAP_ID_NOT_PRESENT_IN_PADI_SITE_LIST
4786,22.903382,108.071199,MAP_ID_NOT_PRESENT_IN_PADI_SITE_LIST
4787,22.57031,108.242543,MAP_ID_NOT_PRESENT_IN_PADI_SITE_LIST
4788,25.2549,110.292144,MAP_ID_NOT_PRESENT_IN_PADI_SITE_LIST
4819,-43.342385,171.54587,MAP_ID_NOT_PRESENT_IN_PADI_SITE_LIST
4865,49.49781,-2.551199,MAP_ID_NOT_PRESENT_IN_PADI_SITE_LIST
4866,49.439557,-2.532156,MAP_ID_NOT_PRESENT_IN_PADI_SITE_LIST
4882,40.747257,-86.577759,MAP_ID_NOT_PRESENT_IN_PADI_SITE_LIST
4919,35.293665,25.747222,MAP_ID_NOT_PRESENT_IN_PADI_SITE_LIST
5009,-35.728712,174.554086,MAP_ID_NOT_PRESENT_IN_PADI_SITE_LIST
5010,-35.83535,174.607344,MAP_ID_NOT_PRESENT_IN_PADI_SITE_LIST
5012,-35.84703,174.533604,MAP_ID_NOT_PRESENT_IN_PADI_SITE_LIST
5013,-35.826504,174.49659,MAP_ID_NOT_PRESENT_IN_PADI_SITE_LIST
5048,8.727648,78.288574,MAP_ID_NOT_PRESENT_IN_PADI_SITE_LIST
5122,-35.8025,174.497437,MAP_ID_NOT_PRESENT_IN_PADI_SITE_LIST
5124,-35.785408,174.561167,MAP_ID_NOT_PRESENT_IN_PADI_SITE_LIST
5125,-35.645091,174.55061,MAP_ID_NOT_PRESENT_IN_PADI_SITE_LIST
5126,-35.85664,174.587173,MAP_ID_NOT_PRESENT_IN_PADI_SITE_LIST
5127,-35.827696,174.524903,MAP_ID_NOT_PRESENT_IN_PADI_SITE_LIST
5138,35.605,-95.0,MAP_ID_NOT_PRESENT_IN_PADI_SITE_LIST
5227,7.991439,-81.982588,MAP_ID_NOT_PRESENT_IN_PADI_SITE_LIST
5238,12.167953,109.308794,MAP_ID_NOT_PRESENT_IN_PADI_SITE_LIST
5243,12.548437,109.391513,MAP_ID_NOT_PRESENT_IN_PADI_SITE_LIST
5244,12.178283,109.265084,MAP_ID_NOT_PRESENT_IN_PADI_SITE_LIST
5253,47.846251,13.790309,MAP_ID_NOT_PRESENT_IN_PADI_SITE_LIST
5256,48.236008,14.387219,MAP_ID_NOT_PRESENT_IN_PADI_SITE_LIST
5269,36.038975,114.110613,MAP_ID_NOT_PRESENT_IN_PADI_SITE_LIST
5279,51.814956,3.821397,MAP_ID_NOT_PRESENT_IN_PADI_SITE_LIST
5400,13.495,-89.8,MAP_ID_NOT_PRESENT_IN_PADI_SITE_LIST
5525,52.965268,1.048186,MAP_ID_NOT_PRESENT_IN_PADI_SITE_LIST
5526,17.747501,-88.025122,MAP_ID_NOT_PRESENT_IN_PADI_SITE_LIST
5539,6.300028,-77.462797,MAP_ID_NOT_PRESENT_IN_PADI_SITE_LIST
5553,-22.768426,-41.791177,MAP_ID_NOT_PRESENT_IN_PADI_SITE_LIST
5581,7.013668,79.628906,MAP_ID_NOT_PRESENT_IN_PADI_SITE_LIST
5582,7.193551,79.799194,MAP_ID_NOT_PRESENT_IN_PADI_SITE_LIST
5583,-5.4984,-39.3206,MAP_ID_NOT_PRESENT_IN_PADI_SITE_LIST
5584,-3.078,-38.4,MAP_ID_NOT_PRESENT_IN_PADI_SITE_LIST
5585,-4.082597,-37.554703,MAP_ID_NOT_PRESENT_IN_PADI_SITE_LIST
5606,7.024572,79.749756,MAP_ID_NOT_PRESENT_IN_PADI_SITE_LIST
5699,-35.504771,150.395451,MAP_ID_NOT_PRESENT_IN_PADI_SITE_LIST
5789,46.619556,14.168844,MAP_ID_NOT_PRESENT_IN_PADI_SITE_LIST
5791,46.60001,14.584587,MAP_ID_NOT_PRESENT_IN_PADI_SITE_LIST
5822,-1.641716,-81.146049,MAP_ID_NOT_PRESENT_IN_PADI_SITE_LIST
5826,6.4842,80.49,MAP_ID_NOT_PRESENT_IN_PADI_SITE_LIST
6002,36.439634,25.358977,MAP_ID_NOT_PRESENT_IN_PADI_SITE_LIST
6003,36.399576,25.382516,MAP_ID_NOT_PRESENT_IN_PADI_SITE_LIST
6056,30.751278,-15.46875,MAP_ID_NOT_PRESENT_IN_PADI_SITE_LIST
6063,12.303819,-69.150524,MAP_ID_NOT_PRESENT_IN_PADI_SITE_LIST
6064,12.291533,-69.155674,MAP_ID_NOT_PRESENT_IN_PADI_SITE_LIST
6113,36.470890265279536,-4.984917640686035,MAP_ID_NOT_PRESENT_IN_PADI_SITE_LIST
6290,47.369708239095345,8.393348702229561,MAP_ID_NOT_PRESENT_IN_PADI_SITE_LIST
6639,48.985808,2.10206,MAP_ID_NOT_PRESENT_IN_PADI_SITE_LIST
6641,48.74367373967938,2.2866730783243843,MAP_ID_NOT_PRESENT_IN_PADI_SITE_LIST
6753,9.42156,-122.22286,MAP_ID_NOT_PRESENT_IN_PADI_SITE_LIST
6868,47.56798450155298,-123.01310062408449,MAP_ID_NOT_PRESENT_IN_PADI_SITE_LIST
6890,-25.67713428636597,27.75808453559876,MAP_ID_NOT_PRESENT_IN_PADI_SITE_LIST
6905,-42.76874269788018,-65.03065008748597,MAP_ID_NOT_PRESENT_IN_PADI_SITE_LIST
6906,-40.814112917300704,-65.09087634112804,MAP_ID_NOT_PRESENT_IN_PADI_SITE_LIST
6987,-43.005525871322256,147.3251581192017,MAP_ID_NOT_PRESENT_IN_PADI_SITE_LIST
7001,51.38717657398729,8.664813997456806,MAP_ID_NOT_PRESENT_IN_PADI_SITE_LIST
7013,12.176516146519193,-68.29183638095857,MAP_ID_NOT_PRESENT_IN_PADI_SITE_LIST
7193,40.759733370420065,13.861141204833986,MAP_ID_NOT_PRESENT_IN_PADI_SITE_LIST
7194,40.70758220192242,13.85354518890381,MAP_ID_NOT_PRESENT_IN_PADI_SITE_LIST
7196,-0.6100639864138906,73.15537547750866,MAP_ID_NOT_PRESENT_IN_PADI_SITE_LIST
7197,-21.13880072207686,148.63889694126559,MAP_ID_NOT_PRESENT_IN_PADI_SITE_LIST
7206,44.37429998975115,8.700056076049806,MAP_ID_NOT_PRESENT_IN_PADI_SITE_LIST
7252,-33.99104899358429,151.2315756082535,MAP_ID_NOT_PRESENT_IN_PADI_SITE_LIST
7351,45.87716973707329,10.856611132621767,MAP_ID_NOT_PRESENT_IN_PADI_SITE_LIST
7373,45.22237492316781,13.586440086364748,MAP_ID_NOT_PRESENT_IN_PADI_SITE_LIST
7391,45.22757385423766,13.581547737121584,MAP_ID_NOT_PRESENT_IN_PADI_SITE_LIST
7399,45.220311843465154,13.581086397171022,MAP_ID_NOT_PRESENT_IN_PADI_SITE_LIST
7412,19.286841079965555,-81.39139652252199,MAP_ID_NOT_PRESENT_IN_PADI_SITE_LIST
7443,20.65654865432745,-156.44316673278811,MAP_ID_NOT_PRESENT_IN_PADI_SITE_LIST
7446,21.00747900308165,-156.66675567626956,MAP_ID_NOT_PRESENT_IN_PADI_SITE_LIST
7458,-26.508272387837287,28.067858219146732,MAP_ID_NOT_PRESENT_IN_PADI_SITE_LIST
7576,53.9126048592385,51.4876413345337,MAP_ID_NOT_PRESENT_IN_PADI_SITE_LIST
7602,55.237808438093275,57.06633567810059,MAP_ID_NOT_PRESENT_IN_PADI_SITE_LIST
7609,43.432478446130375,-82.53101348876955,MAP_ID_NOT_PRESENT_IN_PADI_SITE_LIST
7649,37.0888889,-25.2825,MAP_ID_NOT_PRESENT_IN_PADI_SITE_LIST
7660,36.9569444,-25.233055555555556,MAP_ID_NOT_PRESENT_IN_PADI_SITE_LIST
7711,38.163885,26.773451,MAP_ID_NOT_PRESENT_IN_PADI_SITE_LIST
7734,29.5960902667517,32.34182863729075,MAP_ID_NOT_PRESENT_IN_PADI_SITE_LIST
7738,-21.203497788712898,-159.77416992187503,MAP_ID_NOT_PRESENT_IN_PADI_SITE_LIST
7739,-21.202857626535472,-159.77275371551517,MAP_ID_NOT_PRESENT_IN_PADI_SITE_LIST
7741,-3.817581960012334,-32.387866973876946,MAP_ID_NOT_PRESENT_IN_PADI_SITE_LIST
7742,-3.807990199893265,-32.389583587646484,MAP_ID_NOT_PRESENT_IN_PADI_SITE_LIST
7743,-3.80623455364905,-32.389497756958015,MAP_ID_NOT_PRESENT_IN_PADI_SITE_LIST
7744,20.746121167913785,-156.8717193603516,MAP_ID_NOT_PRESENT_IN_PADI_SITE_LIST
7784,-23.617446799776793,-46.87111400133964,MAP_ID_NOT_PRESENT_IN_PADI_SITE_LIST
7799,23.55335561723078,-75.7867843285203,MAP_ID_NOT_PRESENT_IN_PADI_SITE_LIST
7827,24.4833,-46.6833,MAP_ID_NOT_PRESENT_IN_PADI_SITE_LIST
7828,43.834302,-121.835729,MAP_ID_NOT_PRESENT_IN_PADI_SITE_LIST
7977,13.730380441803828,107.01486110687257,MAP_ID_NOT_PRESENT_IN_PADI_SITE_LIST
7978,40.647785389792105,-73.87768703581868,MAP_ID_NOT_PRESENT_IN_PADI_SITE_LIST
7984,57.62125487830089,11.634382009506227,MAP_ID_NOT_PRESENT_IN_PADI_SITE_LIST
7985,53.63543586070093,20.821180347120393,MAP_ID_NOT_PRESENT_IN_PADI_SITE_LIST
7986,44.855192,13.817528,MAP_ID_NOT_PRESENT_IN_PADI_SITE_LIST
7992,53.61603412857157,-9.872078318148853,MAP_ID_NOT_PRESENT_IN_PADI_SITE_LIST
8002,19.723887517173974,37.43738078861497,MAP_ID_NOT_PRESENT_IN_PADI_SITE_LIST
8007,-35.510683944043684,138.21684837341311,MAP_ID_NOT_PRESENT_IN_PADI_SITE_LIST
8008,-35.52336884,138.1853027,MAP_ID_NOT_PRESENT_IN_PADI_SITE_LIST
8014,57.636427445301216,11.591863632202148,MAP_ID_NOT_PRESENT_IN_PADI_SITE_LIST
8021,57.601725095099816,11.665832502767445,MAP_ID_NOT_PRESENT_IN_PADI_SITE_LIST
8022,57.6222814533633,11.634770390228372,MAP_ID_NOT_PRESENT_IN_PADI_SITE_LIST
8023,57.692981140905985,11.668437481712317,MAP_ID_NOT_PRESENT_IN_PADI_SITE_LIST
8033,57.64304882461037,11.611158369923944,MAP_ID_NOT_PRESENT_IN_PADI_SITE_LIST
8034,23.5099515016202,-75.71034444523582,MAP_ID_NOT_PRESENT_IN_PADI_SITE_LIST
8035,23.512523564106093,-75.72883033967317,MAP_ID_NOT_PRESENT_IN_PADI_SITE_LIST
8055,-21.93078464147599,113.9546585083008,MAP_ID_NOT_PRESENT_IN_PADI_SITE_LIST
8077,34.024385357812,-77.691434967967,MAP_ID_NOT_PRESENT_IN_PADI_SITE_LIST
8081,26.006,-80.091,MAP_ID_NOT_PRESENT_IN_PADI_SITE_LIST
8085,43.929704472151855,-124.10302162170412,MAP_ID_NOT_PRESENT_IN_PADI_SITE_LIST
8094,26.1527,-80.0891,MAP_ID_NOT_PRESENT_IN_PADI_SITE_LIST
8109,55.83300457163609,37.61856079101563,MAP_ID_NOT_PRESENT_IN_PADI_SITE_LIST
8111,56.14316882488454,37.46570491581224,MAP_ID_NOT_PRESENT_IN_PADI_SITE_LIST
8112,55.75552634324143,37.6648235321045,MAP_ID_NOT_PRESENT_IN_PADI_SITE_LIST
8212,-38.3366407385754,141.6118383407593,MAP_ID_NOT_PRESENT_IN_PADI_SITE_LIST
8279,-30.303965270521267,153.15079271793368,MAP_ID_NOT_PRESENT_IN_PADI_SITE_LIST
8378,-17.766097572097898,168.27278137207034,MAP_ID_NOT_PRESENT_IN_PADI_SITE_LIST
8387,43.51886697166336,-116.05086386203766,MAP_ID_NOT_PRESENT_IN_PADI_SITE_LIST
8388,48.81468491765174,-123.60981702804567,MAP_ID_NOT_PRESENT_IN_PADI_SITE_LIST
8400,36.54956932285258,29.11283075809479,MAP_ID_NOT_PRESENT_IN_PADI_SITE_LIST
8410,-30.241903045568478,153.17991077899933,MAP_ID_NOT_PRESENT_IN_PADI_SITE_LIST
8411,-30.2415369307136,153.17889153957367,MAP_ID_NOT_PRESENT_IN_PADI_SITE_LIST
8418,-30.204811929010845,153.26513528823855,MAP_ID_NOT_PRESENT_IN_PADI_SITE_LIST
8424,52.325301,-10.070472,MAP_ID_NOT_PRESENT_IN_PADI_SITE_LIST
8449,35.006123,-86.887554,MAP_ID_NOT_PRESENT_IN_PADI_SITE_LIST
8450,14.744926908591955,-17.549948808731006,MAP_ID_NOT_PRESENT_IN_PADI_SITE_LIST
8471,5.28951125468148,73.61535072326662,MAP_ID_NOT_PRESENT_IN_PADI_SITE_LIST
8474,5.308333333333334,73.61388888888888,MAP_ID_NOT_PRESENT_IN_PADI_SITE_LIST
8480,5.246111111111111,73.53222222222222,MAP_ID_NOT_PRESENT_IN_PADI_SITE_LIST
8492,-36.26943161030305,174.79565620422366,MAP_ID_NOT_PRESENT_IN_PADI_SITE_LIST
8542,5.134030743632608,72.90596008300783,MAP_ID_NOT_PRESENT_IN_PADI_SITE_LIST
8653,60.299,29.29,MAP_ID_NOT_PRESENT_IN_PADI_SITE_LIST
8659,26.643479,34.05089,MAP_ID_NOT_PRESENT_IN_PADI_SITE_LIST
8660,26.656319,34.043498,MAP_ID_NOT_PRESENT_IN_PADI_SITE_LIST
8661,26.700274,34.11065,MAP_ID_NOT_PRESENT_IN_PADI_SITE_LIST
8662,26.65117,34.063464,MAP_ID_NOT_PRESENT_IN_PADI_SITE_LIST
8663,26.654363,33.996162,MAP_ID_NOT_PRESENT_IN_PADI_SITE_LIST
8669,26.705114,34.10006,MAP_ID_NOT_PRESENT_IN_PADI_SITE_LIST
8673,-45.796461489132305,170.7148805446923,MAP_ID_NOT_PRESENT_IN_PADI_SITE_LIST
8675,9.709342905189718,-84.66067371075044,MAP_ID_NOT_PRESENT_IN_PADI_SITE_LIST
8722,-23.046495,-44.249153,MAP_ID_NOT_PRESENT_IN_PADI_SITE_LIST
8737,41.29431726315258,-1.8987464904785158,MAP_ID_NOT_PRESENT_IN_PADI_SITE_LIST
8739,42.25125485078593,14.512497424293544,MAP_ID_NOT_PRESENT_IN_PADI_SITE_LIST
8740,42.29734329328405,14.466090917849218,MAP_ID_NOT_PRESENT_IN_PADI_SITE_LIST
8741,42.35943977496246,14.408588647056606,MAP_ID_NOT_PRESENT_IN_PADI_SITE_LIST
8776,36.228039,33.788795,MAP_ID_NOT_PRESENT_IN_PADI_SITE_LIST
8777,36.198919,33.781961,MAP_ID_NOT_PRESENT_IN_PADI_SITE_LIST
8802,13.014885943757653,-61.25019550323487,MAP_ID_NOT_PRESENT_IN_PADI_SITE_LIST
8804,-4.2876128907958355,55.69991111755372,MAP_ID_NOT_PRESENT_IN_PADI_SITE_LIST
8807,-4.289538674076167,55.68600654602051,MAP_ID_NOT_PRESENT_IN_PADI_SITE_LIST
8808,-4.3007081212926925,55.662317276000984,MAP_ID_NOT_PRESENT_IN_PADI_SITE_LIST
8859,-4.309010209709838,55.676050186157234,MAP_ID_NOT_PRESENT_IN_PADI_SITE_LIST
8876,23.03761684744142,-109.3907591700554,MAP_ID_NOT_PRESENT_IN_PADI_SITE_LIST
8906,-17.6581301,-71.3554042,MAP_ID_NOT_PRESENT_IN_PADI_SITE_LIST
8921,2.9447552584119316,72.85188674926759,MAP_ID_NOT_PRESENT_IN_PADI_SITE_LIST
9018,25.67417,-80.09867,MAP_ID_NOT_PRESENT_IN_PADI_SITE_LIST
9019,8.622222171140209,-83.23818719991928,MAP_ID_NOT_PRESENT_IN_PADI_SITE_LIST
9023,8.616868113455352,-83.23688054662588,MAP_ID_NOT_PRESENT_IN_PADI_SITE_LIST
9024,8.623878086108304,-83.23382215886454,MAP_ID_NOT_PRESENT_IN_PADI_SITE_LIST
9076,45.046111,13.622778,MAP_ID_NOT_PRESENT_IN_PADI_SITE_LIST
9077,45.043333,13.614444,MAP_ID_NOT_PRESENT_IN_PADI_SITE_LIST
9155,34.03192752837311,-118.85539770126343,MAP_ID_NOT_PRESENT_IN_PADI_SITE_LIST
9157,34.03181194186675,-118.74259471893312,MAP_ID_NOT_PRESENT_IN_PADI_SITE_LIST
9158,-32.629183386681156,152.316555974326,MAP_ID_NOT_PRESENT_IN_PADI_SITE_LIST
9159,-32.71315666581934,152.1568465232849,MAP_ID_NOT_PRESENT_IN_PADI_SITE_LIST
9160,-32.71386041133046,152.15150356946302,MAP_ID_NOT_PRESENT_IN_PADI_SITE_LIST
9162,32.35841944444444,-64.6413888888889,MAP_ID_NOT_PRESENT_IN_PADI_SITE_LIST
9163,32.355780555555555,-64.64333333333335,MAP_ID_NOT_PRESENT_IN_PADI_SITE_LIST
9164,32.46308055555556,-64.78805555555556,MAP_ID_NOT_PRESENT_IN_PADI_SITE_LIST
9171,32.32877233513864,-64.68368053436281,MAP_ID_NOT_PRESENT_IN_PADI_SITE_LIST
9245,38.837936201404126,22.886581420898438,MAP_ID_NOT_PRESENT_IN_PADI_SITE_LIST
9248,38.83833755825204,22.88662433624268,MAP_ID_NOT_PRESENT_IN_PADI_SITE_LIST
9295,25.6764,27.7569,MAP_ID_NOT_PRESENT_IN_PADI_SITE_LIST
9297,27.5114,32.6614,MAP_ID_NOT_PRESENT_IN_PADI_SITE_LIST
9317,19.167383565617566,-95.85811614990236,MAP_ID_NOT_PRESENT_IN_PADI_SITE_LIST
9320,24.988878030214266,55.02145171165467,MAP_ID_NOT_PRESENT_IN_PADI_SITE_LIST
9410,38.969919755358,26.5420138835907,MAP_ID_NOT_PRESENT_IN_PADI_SITE_LIST
9412,38.971471241591864,26.489732265472412,MAP_ID_NOT_PRESENT_IN_PADI_SITE_LIST
9414,39.01694971138852,26.55668020248413,MAP_ID_NOT_PRESENT_IN_PADI_SITE_LIST
9471,57.68201370982283,-2.2707796096801762,MAP_ID_NOT_PRESENT_IN_PADI_SITE_LIST
9472,57.699684346453644,-2.1228557825088505,MAP_ID_NOT_PRESENT_IN_PADI_SITE_LIST
9481,33.41679444444444,-78.55005,MAP_ID_NOT_PRESENT_IN_PADI_SITE_LIST
9482,32.95015277777778,-78.66669444444445,MAP_ID_NOT_PRESENT_IN_PADI_SITE_LIST
9524,15.350286385504166,73.7800168991089,MAP_ID_NOT_PRESENT_IN_PADI_SITE_LIST
9676,45.61422530705884,-75.90945475702038,MAP_ID_NOT_PRESENT_IN_PADI_SITE_LIST
9805,45.304112,-107.973096,MAP_ID_NOT_PRESENT_IN_PADI_SITE_LIST
9806,9.7004170473571,122.38569974899293,MAP_ID_NOT_PRESENT_IN_PADI_SITE_LIST
9817,48.99289015501126,-67.01956272125246,MAP_ID_NOT_PRESENT_IN_PADI_SITE_LIST
9822,9.66171560122694,122.42062850127286,MAP_ID_NOT_PRESENT_IN_PADI_SITE_LIST
9823,9.659096670412898,122.40803869415194,MAP_ID_NOT_PRESENT_IN_PADI_SITE_LIST
9825,9.832582918958433,122.36646793045317,MAP_ID_NOT_PRESENT_IN_PADI_SITE_LIST
9826,9.826505433593184,122.36731056448303,MAP_ID_NOT_PRESENT_IN_PADI_SITE_LIST
9828,9.8259,122.36,MAP_ID_NOT_PRESENT_IN_PADI_SITE_LIST
9829,9.787157899185345,122.38969313819258,MAP_ID_NOT_PRESENT_IN_PADI_SITE_LIST
9835,9.869387623359637,122.36933555228698,MAP_ID_NOT_PRESENT_IN_PADI_SITE_LIST
9836,9.872906434029826,122.36929281667942,MAP_ID_NOT_PRESENT_IN_PADI_SITE_LIST
9838,9.87699499481554,122.37391199827279,MAP_ID_NOT_PRESENT_IN_PADI_SITE_LIST
9840,9.870666592243731,122.37950553848356,MAP_ID_NOT_PRESENT_IN_PADI_SITE_LIST
9866,49.84975551170634,36.282370090484626,MAP_ID_NOT_PRESENT_IN_PADI_SITE_LIST
9867,45.25875745598076,-74.1405487060547,MAP_ID_NOT_PRESENT_IN_PADI_SITE_LIST
9874,-15.642900007986537,167.091059088707,MAP_ID_NOT_PRESENT_IN_PADI_SITE_LIST
9939,7.097272828736071,72.87780761718751,MAP_ID_NOT_PRESENT_IN_PADI_SITE_LIST
9943,-17.674569139154592,177.09227085113525,MAP_ID_NOT_PRESENT_IN_PADI_SITE_LIST
9947,-16.753591679445716,179.93914604187015,MAP_ID_NOT_PRESENT_IN_PADI_SITE_LIST
9962,7.056984221408044,72.94883251190187,MAP_ID_NOT_PRESENT_IN_PADI_SITE_LIST
10002,6.9992495641334616,72.9430389404297,MAP_ID_NOT_PRESENT_IN_PADI_SITE_LIST
10003,7.006126,73.003181,MAP_ID_NOT_PRESENT_IN_PADI_SITE_LIST
10004,6.966996,72.980599,MAP_ID_NOT_PRESENT_IN_PADI_SITE_LIST
10005,6.949729641606716,72.98367977142335,MAP_ID_NOT_PRESENT_IN_PADI_SITE_LIST
10006,6.955821406717287,72.90329933166505,MAP_ID_NOT_PRESENT_IN_PADI_SITE_LIST
10007,44.5826428195842,-75.86059570312501,MAP_ID_NOT_PRESENT_IN_PADI_SITE_LIST
10015,7.0374348901113315,72.98891544342042,MAP_ID_NOT_PRESENT_IN_PADI_SITE_LIST
10016,7.024145985522474,72.99548149108888,MAP_ID_NOT_PRESENT_IN_PADI_SITE_LIST
10017,6.96438382407041,72.93668746948244,MAP_ID_NOT_PRESENT_IN_PADI_SITE_LIST
10018,7.0863705507572545,72.82862663269044,MAP_ID_NOT_PRESENT_IN_PADI_SITE_LIST
10019,7.029512704285018,72.93479919433595,MAP_ID_NOT_PRESENT_IN_PADI_SITE_LIST
10028,6.855531575482039,72.98080444335939,MAP_ID_NOT_PRESENT_IN_PADI_SITE_LIST
10029,7.030577522068509,72.99282073974611,MAP_ID_NOT_PRESENT_IN_PADI_SITE_LIST
10083,-15.819424183393082,-47.83335685729981,MAP_ID_NOT_PRESENT_IN_PADI_SITE_LIST
10085,-14.33757349627395,-48.691062927246094,MAP_ID_NOT_PRESENT_IN_PADI_SITE_LIST
10090,26.639538,34.061812,MAP_ID_NOT_PRESENT_IN_PADI_SITE_LIST
10093,33.137551192346145,-75.8551025390625,MAP_ID_NOT_PRESENT_IN_PADI_SITE_LIST
10140,42.39912274463225,18.576164245605472,MAP_ID_NOT_PRESENT_IN_PADI_SITE_LIST
10142,9.920674166369727,103.98061752319337,MAP_ID_NOT_PRESENT_IN_PADI_SITE_LIST
10218,39.19940262161934,-119.93237972259523,MAP_ID_NOT_PRESENT_IN_PADI_SITE_LIST
10219,42.40067502456175,18.571443974958598,MAP_ID_NOT_PRESENT_IN_PADI_SITE_LIST
10225,52.94936189758144,1.1402821540832522,MAP_ID_NOT_PRESENT_IN_PADI_SITE_LIST
10240,36.61036052032494,-121.8935251235962,MAP_ID_NOT_PRESENT_IN_PADI_SITE_LIST
10247,40.634642251089346,14.35213565826416,MAP_ID_NOT_PRESENT_IN_PADI_SITE_LIST
10248,40.58956366749647,14.374837875366213,MAP_ID_NOT_PRESENT_IN_PADI_SITE_LIST
10249,40.58782010779821,14.376854896545412,MAP_ID_NOT_PRESENT_IN_PADI_SITE_LIST
10253,21.65115102941859,-158.0622446537018,MAP_ID_NOT_PRESENT_IN_PADI_SITE_LIST
10254,21.646818178384503,-158.06395053863525,MAP_ID_NOT_PRESENT_IN_PADI_SITE_LIST
10319,22.583569444444443,114.71805555555555,MAP_ID_NOT_PRESENT_IN_PADI_SITE_LIST
10328,37.97130111902334,12.08199977874756,MAP_ID_NOT_PRESENT_IN_PADI_SITE_LIST
10329,35.705301467868004,-114.7072219848633,MAP_ID_NOT_PRESENT_IN_PADI_SITE_LIST
10330,22.800801083783753,112.6335096359253,MAP_ID_NOT_PRESENT_IN_PADI_SITE_LIST
10331,22.543877915641094,114.47970092296602,MAP_ID_NOT_PRESENT_IN_PADI_SITE_LIST
10374,31.507873640801858,118.53044271469118,MAP_ID_NOT_PRESENT_IN_PADI_SITE_LIST
10388,19.778860008130934,37.44625568389893,MAP_ID_NOT_PRESENT_IN_PADI_SITE_LIST
10390,19.94384448030101,37.40113019943238,MAP_ID_NOT_PRESENT_IN_PADI_SITE_LIST
10391,37.94443440465814,12.085261344909668,MAP_ID_NOT_PRESENT_IN_PADI_SITE_LIST
10392,37.94494205330933,12.083458900451662,MAP_ID_NOT_PRESENT_IN_PADI_SITE_LIST
10394,6.806489644313275,73.20756912231447,MAP_ID_NOT_PRESENT_IN_PADI_SITE_LIST
10475,36.848642,30.775698,MAP_ID_NOT_PRESENT_IN_PADI_SITE_LIST
10478,37.98489991424732,12.067236900329592,MAP_ID_NOT_PRESENT_IN_PADI_SITE_LIST
10479,37.96368875328561,12.083158493041994,MAP_ID_NOT_PRESENT_IN_PADI_SITE_LIST
10480,37.98364838912588,12.065305709838869,MAP_ID_NOT_PRESENT_IN_PADI_SITE_LIST
10481,37.96805327284367,12.08127021789551,MAP_ID_NOT_PRESENT_IN_PADI_SITE_LIST
10482,37.991563080493684,12.024192810058594,MAP_ID_NOT_PRESENT_IN_PADI_SITE_LIST
10484,37.95472206592303,12.047495841979982,MAP_ID_NOT_PRESENT_IN_PADI_SITE_LIST
10486,37.949544574362285,12.091076374053957,MAP_ID_NOT_PRESENT_IN_PADI_SITE_LIST
10614,36.60279869051512,29.031093120574955,MAP_ID_NOT_PRESENT_IN_PADI_SITE_LIST
10615,18.20684953267596,109.6384906768799,MAP_ID_NOT_PRESENT_IN_PADI_SITE_LIST
10619,36.59697609319752,29.030127525329593,MAP_ID_NOT_PRESENT_IN_PADI_SITE_LIST
10620,42.40466803087038,18.560027827452192,MAP_ID_NOT_PRESENT_IN_PADI_SITE_LIST
10627,35.08286691136109,32.30722904205323,MAP_ID_NOT_PRESENT_IN_PADI_SITE_LIST
10678,43.48316960238475,16.358213424682617,MAP_ID_NOT_PRESENT_IN_PADI_SITE_LIST
10688,-27.28251438036896,-48.373875617980964,MAP_ID_NOT_PRESENT_IN_PADI_SITE_LIST
10689,-27.28354419122444,-48.37125778198243,MAP_ID_NOT_PRESENT_IN_PADI_SITE_LIST
10735,43.48376901297637,16.368942260742188,MAP_ID_NOT_PRESENT_IN_PADI_SITE_LIST
10744,43.38561994444058,16.196808815002445,MAP_ID_NOT_PRESENT_IN_PADI_SITE_LIST
10746,43.38064610105587,16.236226558685306,MAP_ID_NOT_PRESENT_IN_PADI_SITE_LIST
10748,43.364564141567435,16.29195213317871,MAP_ID_NOT_PRESENT_IN_PADI_SITE_LIST
10856,28.844321265756054,120.20814299583436,MAP_ID_NOT_PRESENT_IN_PADI_SITE_LIST
10867,-27.28751078086669,-48.36926221847535,MAP_ID_NOT_PRESENT_IN_PADI_SITE_LIST
10872,10.2990857257549,-75.58808326721193,MAP_ID_NOT_PRESENT_IN_PADI_SITE_LIST
10875,10.276621817985022,-75.59537887573244,MAP_ID_NOT_PRESENT_IN_PADI_SITE_LIST
10879,10.279282101014628,-75.59945583343507,MAP_ID_NOT_PRESENT_IN_PADI_SITE_LIST
10882,10.261293084423635,-75.6184244155884,MAP_ID_NOT_PRESENT_IN_PADI_SITE_LIST
10886,10.393610795496638,-75.65837860107423,MAP_ID_NOT_PRESENT_IN_PADI_SITE_LIST
10893,28.009036962433424,-16.638531088829037,MAP_ID_NOT_PRESENT_IN_PADI_SITE_LIST
10901,19.36666388888889,-81.40194444444445,MAP_ID_NOT_PRESENT_IN_PADI_SITE_LIST
10936,25.695988053632746,-80.13050079345705,MAP_ID_NOT_PRESENT_IN_PADI_SITE_LIST
10938,25.8112,-80.090833333333,MAP_ID_NOT_PRESENT_IN_PADI_SITE_LIST
10948,19.61208420825838,37.2266846895218,MAP_ID_NOT_PRESENT_IN_PADI_SITE_LIST
11057,8.832364226163168,125.099515914917,MAP_ID_NOT_PRESENT_IN_PADI_SITE_LIST
11061,9.268015803511375,124.78193736489634,MAP_ID_NOT_PRESENT_IN_PADI_SITE_LIST
11063,9.116292066772337,124.80919361114503,MAP_ID_NOT_PRESENT_IN_PADI_SITE_LIST
11089,24.185,52.57,MAP_ID_NOT_PRESENT_IN_PADI_SITE_LIST
11093,-7.939300938380123,39.788317680358894,MAP_ID_NOT_PRESENT_IN_PADI_SITE_LIST
11094,-7.943126280445533,39.789562225341804,MAP_ID_NOT_PRESENT_IN_PADI_SITE_LIST
11095,-7.92569943379829,39.80681419372559,MAP_ID_NOT_PRESENT_IN_PADI_SITE_LIST
11126,12.557873,-70.05548,MAP_ID_NOT_PRESENT_IN_PADI_SITE_LIST
11129,35.12480084071513,25.765621662139896,MAP_ID_NOT_PRESENT_IN_PADI_SITE_LIST
11134,-7.688807,113.822802,MAP_ID_NOT_PRESENT_IN_PADI_SITE_LIST
11137,-7.936750690547518,39.80415344238281,MAP_ID_NOT_PRESENT_IN_PADI_SITE_LIST
11274,12.51552,-70.04694,MAP_ID_NOT_PRESENT_IN_PADI_SITE_LIST
11278,38.27686617704564,15.242500305175783,MAP_ID_NOT_PRESENT_IN_PADI_SITE_LIST
11281,53.79927897046747,-2.3169350624084477,MAP_ID_NOT_PRESENT_IN_PADI_SITE_LIST
11282,-41.332676,174.830815,MAP_ID_NOT_PRESENT_IN_PADI_SITE_LIST
11283,-41.344574,174.782352,MAP_ID_NOT_PRESENT_IN_PADI_SITE_LIST
11284,-41.302539,174.817736,MAP_ID_NOT_PRESENT_IN_PADI_SITE_LIST
11288,40.17808637903696,17.927198410034183,MAP_ID_NOT_PRESENT_IN_PADI_SITE_LIST
11291,40.17866838415556,17.93028831481934,MAP_ID_NOT_PRESENT_IN_PADI_SITE_LIST
11297,-16.772322,179.947908,MAP_ID_NOT_PRESENT_IN_PADI_SITE_LIST
11304,36.652199845840634,29.043252468218277,MAP_ID_NOT_PRESENT_IN_PADI_SITE_LIST
11306,36.62765484889556,28.76457273960114,MAP_ID_NOT_PRESENT_IN_PADI_SITE_LIST
11307,36.62893606210234,28.764182925115172,MAP_ID_NOT_PRESENT_IN_PADI_SITE_LIST
11322,-17.67281388888889,-71.3629111111111,MAP_ID_NOT_PRESENT_IN_PADI_SITE_LIST
11323,-17.66370240428115,-71.35772466659546,MAP_ID_NOT_PRESENT_IN_PADI_SITE_LIST
11324,36.71294028175356,25.282598733901978,MAP_ID_NOT_PRESENT_IN_PADI_SITE_LIST
11325,36.711469552917485,25.275249481201175,MAP_ID_NOT_PRESENT_IN_PADI_SITE_LIST
11326,36.714772202860075,25.259499549865726,MAP_ID_NOT_PRESENT_IN_PADI_SITE_LIST
11327,36.71614826510253,25.25340557098389,MAP_ID_NOT_PRESENT_IN_PADI_SITE_LIST
11328,36.721961856015554,25.24941444396973,MAP_ID_NOT_PRESENT_IN_PADI_SITE_LIST
11333,38.64087,15.8216,MAP_ID_NOT_PRESENT_IN_PADI_SITE_LIST
11334,38.642,15.826,MAP_ID_NOT_PRESENT_IN_PADI_SITE_LIST
11335,38.66393,15.83937,MAP_ID_NOT_PRESENT_IN_PADI_SITE_LIST
11340,-33.335,115.5525,MAP_ID_NOT_PRESENT_IN_PADI_SITE_LIST
11445,-4.25335,39.609766666666665,MAP_ID_NOT_PRESENT_IN_PADI_SITE_LIST
11446,-4.379866666666667,39.57155,MAP_ID_NOT_PRESENT_IN_PADI_SITE_LIST
11451,38.63196,15.82091,MAP_ID_NOT_PRESENT_IN_PADI_SITE_LIST
11453,40.17739780315398,17.925621271133426,MAP_ID_NOT_PRESENT_IN_PADI_SITE_LIST
11455,13.653647,-89.036558,MAP_ID_NOT_PRESENT_IN_PADI_SITE_LIST
11468,51.921640086687226,5.436244411492715,MAP_ID_NOT_PRESENT_IN_PADI_SITE_LIST
11472,87.00399,30.02569,MAP_ID_NOT_PRESENT_IN_PADI_SITE_LIST
11475,12.07675644204584,-68.23007583618165,MAP_ID_NOT_PRESENT_IN_PADI_SITE_LIST
11504,36.69586023965751,28.671011924743656,MAP_ID_NOT_PRESENT_IN_PADI_SITE_LIST
11594,87.13257,30.1745,MAP_ID_NOT_PRESENT_IN_PADI_SITE_LIST
11639,36.58166666666667,29.025277777777777,MAP_ID_NOT_PRESENT_IN_PADI_SITE_LIST
11640,36.581944444444446,29.02638888888889,MAP_ID_NOT_PRESENT_IN_PADI_SITE_LIST
11641,36.574444444444445,29.033055555555556,MAP_ID_NOT_PRESENT_IN_PADI_SITE_LIST
11642,36.58888888888889,29.021666666666665,MAP_ID_NOT_PRESENT_IN_PADI_SITE_LIST
11643,36.619007284358794,29.04826640908141,MAP_ID_NOT_PRESENT_IN_PADI_SITE_LIST
11649,36.596941396116996,29.029569625854496,MAP_ID_NOT_PRESENT_IN_PADI_SITE_LIST
11650,22.539394018099106,114.04040336608888,MAP_ID_NOT_PRESENT_IN_PADI_SITE_LIST
11652,36.546098905440516,29.010105728884813,MAP_ID_NOT_PRESENT_IN_PADI_SITE_LIST
11655,36.65655,117.1264,MAP_ID_NOT_PRESENT_IN_PADI_SITE_LIST
11657,-8.556111111111111,125.49861111111112,MAP_ID_NOT_PRESENT_IN_PADI_SITE_LIST
11659,-8.475,125.88222222222221,MAP_ID_NOT_PRESENT_IN_PADI_SITE_LIST
11669,-8.221386958742492,125.6181049346924,MAP_ID_NOT_PRESENT_IN_PADI_SITE_LIST
11673,-8.216035160847946,125.6224822998047,MAP_ID_NOT_PRESENT_IN_PADI_SITE_LIST
11676,-8.158265138662195,125.59681892395021,MAP_ID_NOT_PRESENT_IN_PADI_SITE_LIST
11680,87.13755,30.1733,MAP_ID_NOT_PRESENT_IN_PADI_SITE_LIST
11700,-0.583810240493753,73.24430465698242,MAP_ID_NOT_PRESENT_IN_PADI_SITE_LIST
11704,22.38126975185243,114.27450655452601,MAP_ID_NOT_PRESENT_IN_PADI_SITE_LIST
11707,87.12017,30.10995,MAP_ID_NOT_PRESENT_IN_PADI_SITE_LIST
11715,17.283273277520657,-62.70433902740479,MAP_ID_NOT_PRESENT_IN_PADI_SITE_LIST
11716,17.284226004542113,-62.70564794540406,MAP_ID_NOT_PRESENT_IN_PADI_SITE_LIST
11720,87.13057,30.11333,MAP_ID_NOT_PRESENT_IN_PADI_SITE_LIST
11721,87.14017,30.08767,MAP_ID_NOT_PRESENT_IN_PADI_SITE_LIST
11722,87.0964,30.0533,MAP_ID_NOT_PRESENT_IN_PADI_SITE_LIST
11723,87.07775,30.00582,MAP_ID_NOT_PRESENT_IN_PADI_SITE_LIST
11727,39.89545616595005,116.44639313220979,MAP_ID_NOT_PRESENT_IN_PADI_SITE_LIST
11728,-7.9318626713049944,39.78896141052246,MAP_ID_NOT_PRESENT_IN_PADI_SITE_LIST
11818,-7.937515766559197,39.78286743164063,MAP_ID_NOT_PRESENT_IN_PADI_SITE_LIST
11819,-7.955537144808848,39.80209350585938,MAP_ID_NOT_PRESENT_IN_PADI_SITE_LIST
11820,-7.923659169320295,39.791278839111335,MAP_ID_NOT_PRESENT_IN_PADI_SITE_LIST
11821,-7.90266086029984,39.84586715698243,MAP_ID_NOT_PRESENT_IN_PADI_SITE_LIST
11822,-7.921916435404384,39.828958511352546,MAP_ID_NOT_PRESENT_IN_PADI_SITE_LIST
11823,-7.886507587818575,39.85427856445313,MAP_ID_NOT_PRESENT_IN_PADI_SITE_LIST
11824,-7.876305195867617,39.85758304595948,MAP_ID_NOT_PRESENT_IN_PADI_SITE_LIST
11825,-7.858620454636446,39.871444702148445,MAP_ID_NOT_PRESENT_IN_PADI_SITE_LIST
11826,-7.90763424066298,39.84239101409913,MAP_ID_NOT_PRESENT_IN_PADI_SITE_LIST
11827,-7.961997446108489,39.822006225585945,MAP_ID_NOT_PRESENT_IN_PADI_SITE_LIST
11828,-7.948651711624364,39.53468799591065,MAP_ID_NOT_PRESENT_IN_PADI_SITE_LIST
11829,13.146937453609612,-61.226077079772956,MAP_ID_NOT_PRESENT_IN_PADI_SITE_LIST
11831,-75.0956327285438,163.87207031250003,MAP_ID_NOT_PRESENT_IN_PADI_SITE_LIST
11832,-7.940491048618134,39.78363990783692,MAP_ID_NOT_PRESENT_IN_PADI_SITE_LIST
11837,37.72857010460268,20.994529724121097,MAP_ID_NOT_PRESENT_IN_PADI_SITE_LIST
11843,36.160607,22.949581,MAP_ID_NOT_PRESENT_IN_PADI_SITE_LIST
11844,36.09128,22.99799,MAP_ID_NOT_PRESENT_IN_PADI_SITE_LIST
11845,35.308366380495116,25.42343616485596,MAP_ID_NOT_PRESENT_IN_PADI_SITE_LIST
11854,-11.608436733282621,34.302009774885086,MAP_ID_NOT_PRESENT_IN_PADI_SITE_LIST
11860,35.271147794715354,25.759570598602295,MAP_ID_NOT_PRESENT_IN_PADI_SITE_LIST
12012,36.394152,28.234992,MAP_ID_NOT_PRESENT_IN_PADI_SITE_LIST
12019,33.515429168456976,126.4841849046588,MAP_ID_NOT_PRESENT_IN_PADI_SITE_LIST
12165,35.988875585233416,14.326257705688478,MAP_ID_NOT_PRESENT_IN_PADI_SITE_LIST
12166,35.98878443431383,14.32720184326172,MAP_ID_NOT_PRESENT_IN_PADI_SITE_LIST
12167,35.99062913480386,14.327845573425295,MAP_ID_NOT_PRESENT_IN_PADI_SITE_LIST
12170,35.959892969514065,14.339341521263124,MAP_ID_NOT_PRESENT_IN_PADI_SITE_LIST
12173,36.019496331114865,14.340505599975588,MAP_ID_NOT_PRESENT_IN_PADI_SITE_LIST
12191,30.961813,112.082575,MAP_ID_NOT_PRESENT_IN_PADI_SITE_LIST
12200,-16.5798505949716,-71.32577419281007,MAP_ID_NOT_PRESENT_IN_PADI_SITE_LIST
12233,40.31356678851863,23.970451354980472,MAP_ID_NOT_PRESENT_IN_PADI_SITE_LIST
12303,38.04538737239996,12.516689300537111,MAP_ID_NOT_PRESENT_IN_PADI_SITE_LIST
12308,7.103879511554523,125.79903264203926,MAP_ID_NOT_PRESENT_IN_PADI_SITE_LIST
12354,47.868035014469044,16.389585211873058,MAP_ID_NOT_PRESENT_IN_PADI_SITE_LIST
12359,26.08264,127.687848,MAP_ID_NOT_PRESENT_IN_PADI_SITE_LIST
12388,-26.138680184264253,113.16407203674318,MAP_ID_NOT_PRESENT_IN_PADI_SITE_LIST
12459,-4.4654917044183575,55.23519158363343,MAP_ID_NOT_PRESENT_IN_PADI_SITE_LIST
12464,47.8778452,16.3852812,MAP_ID_NOT_PRESENT_IN_PADI_SITE_LIST
12466,-1.9770768577936582,-80.75185596942903,MAP_ID_NOT_PRESENT_IN_PADI_SITE_LIST
12474,35.36847543424305,33.21956634521485,MAP_ID_NOT_PRESENT_IN_PADI_SITE_LIST
12490,19.735360422182737,-155.0132703781128,MAP_ID_NOT_PRESENT_IN_PADI_SITE_LIST
12578,36.87327810333038,30.715135715717047,MAP_ID_NOT_PRESENT_IN_PADI_SITE_LIST
12582,36.158784812591456,29.632015228271488,MAP_ID_NOT_PRESENT_IN_PADI_SITE_LIST
12583,11.602885180636777,121.6975719116837,MAP_ID_NOT_PRESENT_IN_PADI_SITE_LIST
12588,37.922245,27.260477,MAP_ID_NOT_PRESENT_IN_PADI_SITE_LIST
12589,37.88813134638459,27.263216972351078,MAP_ID_NOT_PRESENT_IN_PADI_SITE_LIST
12591,46.30380764600153,6.241221427917481,MAP_ID_NOT_PRESENT_IN_PADI_SITE_LIST
12597,-34.062223543106434,23.381481560952015,MAP_ID_NOT_PRESENT_IN_PADI_SITE_LIST
12602,-34.0619391238298,23.37967862165228,MAP_ID_NOT_PRESENT_IN_PADI_SITE_LIST
12612,-25.7887289444,26.3667610453,MAP_ID_NOT_PRESENT_IN_PADI_SITE_LIST
12658,-26.5095586157,28.0669090853,MAP_ID_NOT_PRESENT_IN_PADI_SITE_LIST
12660,-26.656664013239173,153.18477630615237,MAP_ID_NOT_PRESENT_IN_PADI_SITE_LIST
12679,-32.31169076530575,115.7325714826584,MAP_ID_NOT_PRESENT_IN_PADI_SITE_LIST
12825,-4.56307791291517,55.35358691172067,MAP_ID_NOT_PRESENT_IN_PADI_SITE_LIST
12826,32.84035701140565,13.015301227569582,MAP_ID_NOT_PRESENT_IN_PADI_SITE_LIST
12829,2.7258978919476746,73.00479412078859,MAP_ID_NOT_PRESENT_IN_PADI_SITE_LIST
12837,45.6056465346816,13.72203126293657,MAP_ID_NOT_PRESENT_IN_PADI_SITE_LIST
12953,3.8758333333333335,-76.55138888888888,MAP_ID_NOT_PRESENT_IN_PADI_SITE_LIST
12970,15.35570766610093,73.77413749694826,MAP_ID_NOT_PRESENT_IN_PADI_SITE_LIST
13121,38.74792506438811,26.78698530667875,MAP_ID_NOT_PRESENT_IN_PADI_SITE_LIST
13128,34.46199381296132,-120.06962299346922,MAP_ID_NOT_PRESENT_IN_PADI_SITE_LIST
13129,38.742067576956934,26.770892143249515,MAP_ID_NOT_PRESENT_IN_PADI_SITE_LIST
13132,40.433947569623136,26.440100669860843,MAP_ID_NOT_PRESENT_IN_PADI_SITE_LIST
13133,40.45853996099022,26.511039733886722,MAP_ID_NOT_PRESENT_IN_PADI_SITE_LIST
13134,40.497875596079226,26.572751998901367,MAP_ID_NOT_PRESENT_IN_PADI_SITE_LIST
13139,9.80024483576864,99.71397399902344,MAP_ID_NOT_PRESENT_IN_PADI_SITE_LIST
13180,30.295832146790442,-87.31199741363527,MAP_ID_NOT_PRESENT_IN_PADI_SITE_LIST
13192,11.71203996125738,102.57685835270055,MAP_ID_NOT_PRESENT_IN_PADI_SITE_LIST
13207,11.698592640866211,102.59900145960674,MAP_ID_NOT_PRESENT_IN_PADI_SITE_LIST
13294,36.96974675130168,25.122599601745605,MAP_ID_NOT_PRESENT_IN_PADI_SITE_LIST
13297,40.36379518116147,-2.7981662750244145,MAP_ID_NOT_PRESENT_IN_PADI_SITE_LIST
13301,9.135020561342769,123.6960554122925,MAP_ID_NOT_PRESENT_IN_PADI_SITE_LIST
13302,9.126927599509498,123.68824481964113,MAP_ID_NOT_PRESENT_IN_PADI_SITE_LIST
13438,-62.98206066171223,-60.55801391601563,MAP_ID_NOT_PRESENT_IN_PADI_SITE_LIST
13463,4.500018441962622,73.362193107605,MAP_ID_NOT_PRESENT_IN_PADI_SITE_LIST
13465,4.514735662057056,73.36137771606447,MAP_ID_NOT_PRESENT_IN_PADI_SITE_LIST
13466,4.482081427798572,73.39527010917665,MAP_ID_NOT_PRESENT_IN_PADI_SITE_LIST
13468,-8.061269213968394,39.582366943359375,MAP_ID_NOT_PRESENT_IN_PADI_SITE_LIST
13469,36.456808596924155,30.55057525634766,MAP_ID_NOT_PRESENT_IN_PADI_SITE_LIST
13471,51.02279860563219,4.508082379378556,MAP_ID_NOT_PRESENT_IN_PADI_SITE_LIST
13473,61.65798397943738,17.386507987976078,MAP_ID_NOT_PRESENT_IN_PADI_SITE_LIST
13576,9.362860945847716,-82.19897747039796,MAP_ID_NOT_PRESENT_IN_PADI_SITE_LIST
13584,14.434015244508707,-90.13604164123535,MAP_ID_NOT_PRESENT_IN_PADI_SITE_LIST
13585,14.747264924433582,-91.16463661193849,MAP_ID_NOT_PRESENT_IN_PADI_SITE_LIST
13590,22.89570651304649,-109.8646328915625,MAP_ID_NOT_PRESENT_IN_PADI_SITE_LIST
13591,24.76830426604042,-112.17294219642933,MAP_ID_NOT_PRESENT_IN_PADI_SITE_LIST
13596,-21.183051238716526,55.28678614129946,MAP_ID_NOT_PRESENT_IN_PADI_SITE_LIST
13597,4.544832302359044,73.38995933532716,MAP_ID_NOT_PRESENT_IN_PADI_SITE_LIST
13598,4.467802094599963,73.37232112884523,MAP_ID_NOT_PRESENT_IN_PADI_SITE_LIST
13600,4.447650113269601,73.36524009704591,MAP_ID_NOT_PRESENT_IN_PADI_SITE_LIST
13602,6.293888888888889,77.4666666388889,MAP_ID_NOT_PRESENT_IN_PADI_SITE_LIST
13682,59.64211350113014,15.060968399047853,MAP_ID_NOT_PRESENT_IN_PADI_SITE_LIST
13782,-23.026106,-43.192578,MAP_ID_NOT_PRESENT_IN_PADI_SITE_LIST
13787,40.09875587350567,-82.41891860961915,MAP_ID_NOT_PRESENT_IN_PADI_SITE_LIST
13814,-0.566773707711308,-90.14239311218262,MAP_ID_NOT_PRESENT_IN_PADI_SITE_LIST
13853,-26.799997222222224,32.89999997222222,MAP_ID_NOT_PRESENT_IN_PADI_SITE_LIST
13880,57.0450605991493,9.881021533631104,MAP_ID_NOT_PRESENT_IN_PADI_SITE_LIST
13881,57.059800078192424,9.912115879861734,MAP_ID_NOT_PRESENT_IN_PADI_SITE_LIST
13894,19.290683,-81.17595,MAP_ID_NOT_PRESENT_IN_PADI_SITE_LIST
13954,20.5462492942903,-105.29155254364014,MAP_ID_NOT_PRESENT_IN_PADI_SITE_LIST
13955,20.70089491704514,-105.56555628776552,MAP_ID_NOT_PRESENT_IN_PADI_SITE_LIST
13960,53.342763063131976,13.458595275878906,MAP_ID_NOT_PRESENT_IN_PADI_SITE_LIST
13961,53.30049210878632,13.431987762451172,MAP_ID_NOT_PRESENT_IN_PADI_SITE_LIST
13968,24.56109752226755,-81.80389881134035,MAP_ID_NOT_PRESENT_IN_PADI_SITE_LIST
14152,20.233330555555554,-87.41222222222223,MAP_ID_NOT_PRESENT_IN_PADI_SITE_LIST
14178,9.864222041886874,-85.51629066467287,MAP_ID_NOT_PRESENT_IN_PADI_SITE_LIST
14179,9.875299452719068,-85.52794218063354,MAP_ID_NOT_PRESENT_IN_PADI_SITE_LIST
14375,41.99321280075508,-72.1306085586548,MAP_ID_NOT_PRESENT_IN_PADI_SITE_LIST
14612,37.881008,27.260074,MAP_ID_NOT_PRESENT_IN_PADI_SITE_LIST
14644,46.448325339959645,-86.62646770477295,MAP_ID_NOT_PRESENT_IN_PADI_SITE_LIST
14884,18.48205118722311,-66.34083509445192,MAP_ID_NOT_PRESENT_IN_PADI_SITE_LIST
14885,18.458056,-67.163951,MAP_ID_NOT_PRESENT_IN_PADI_SITE_LIST
14892,46.64511278221408,-72.782621383667,MAP_ID_NOT_PRESENT_IN_PADI_SITE_LIST
15168,50.798286,-114.847126,MAP_ID_NOT_PRESENT_IN_PADI_SITE_LIST
15239,41.045108273105896,8.927046060562136,MAP_ID_NOT_PRESENT_IN_PADI_SITE_LIST
15240,41.05440487774488,8.932957649230959,MAP_ID_NOT_PRESENT_IN_PADI_SITE_LIST
15241,41.05388708574841,8.9374315738678,MAP_ID_NOT_PRESENT_IN_PADI_SITE_LIST
15243,41.052754401547666,8.938611745834352,MAP_ID_NOT_PRESENT_IN_PADI_SITE_LIST
15248,3.8827777777777777,73.38305555555554,MAP_ID_NOT_PRESENT_IN_PADI_SITE_LIST
15252,3.945277777777778,73.35166666666666,MAP_ID_NOT_PRESENT_IN_PADI_SITE_LIST
15254,3.8204166666666666,73.39250000000001,MAP_ID_NOT_PRESENT_IN_PADI_SITE_LIST
15255,3.8186111111111107,73.38694444444445,MAP_ID_NOT_PRESENT_IN_PADI_SITE_LIST
15260,41.99343607038558,-72.13022232055665,MAP_ID_NOT_PRESENT_IN_PADI_SITE_LIST
15266,33.85475357914949,-112.25595999157775,MAP_ID_NOT_PRESENT_IN_PADI_SITE_LIST
15665,3.950277777777778,73.35222222222221,MAP_ID_NOT_PRESENT_IN_PADI_SITE_LIST
15669,24.471666666666664,-81.76416666666667,MAP_ID_NOT_PRESENT_IN_PADI_SITE_LIST
15670,12.167705189764401,109.3009096054636,MAP_ID_NOT_PRESENT_IN_PADI_SITE_LIST
15671,16.59848205936228,-22.935590744018555,MAP_ID_NOT_PRESENT_IN_PADI_SITE_LIST
15672,16.59963361381602,-22.953872680664066,MAP_ID_NOT_PRESENT_IN_PADI_SITE_LIST
15673,16.583881395878823,-22.91486263275147,MAP_ID_NOT_PRESENT_IN_PADI_SITE_LIST
15674,25.982499999999998,-80.085,MAP_ID_NOT_PRESENT_IN_PADI_SITE_LIST
15680,39.28503776824392,-76.60826678860121,MAP_ID_NOT_PRESENT_IN_PADI_SITE_LIST
15685,6.389086266542488,116.29002571105958,MAP_ID_NOT_PRESENT_IN_PADI_SITE_LIST
15686,6.444270832786586,116.30195617675781,MAP_ID_NOT_PRESENT_IN_PADI_SITE_LIST
15699,13.147647891617227,-59.64224338531495,MAP_ID_NOT_PRESENT_IN_PADI_SITE_LIST
15700,42.79695,10.712838,MAP_ID_NOT_PRESENT_IN_PADI_SITE_LIST
15701,42.798249,10.711786,MAP_ID_NOT_PRESENT_IN_PADI_SITE_LIST
15702,42.798485,10.711668,MAP_ID_NOT_PRESENT_IN_PADI_SITE_LIST
15703,42.797918,10.712902,MAP_ID_NOT_PRESENT_IN_PADI_SITE_LIST
15704,42.797666,10.714018,MAP_ID_NOT_PRESENT_IN_PADI_SITE_LIST
15705,42.795548,10.71346,MAP_ID_NOT_PRESENT_IN_PADI_SITE_LIST
15706,-6.308217773602168,39.57897681945865,MAP_ID_NOT_PRESENT_IN_PADI_SITE_LIST
15707,42.80100572780344,10.722355842590332,MAP_ID_NOT_PRESENT_IN_PADI_SITE_LIST
15708,42.827651,10.739439,MAP_ID_NOT_PRESENT_IN_PADI_SITE_LIST
15709,42.844692,10.77035,MAP_ID_NOT_PRESENT_IN_PADI_SITE_LIST
15710,42.86867,10.753837,MAP_ID_NOT_PRESENT_IN_PADI_SITE_LIST
15711,42.735206,10.433057,MAP_ID_NOT_PRESENT_IN_PADI_SITE_LIST
15712,42.987243,10.895816,MAP_ID_NOT_PRESENT_IN_PADI_SITE_LIST
15713,42.880388,10.775679,MAP_ID_NOT_PRESENT_IN_PADI_SITE_LIST
16200,48.942551621480376,2.3171603679656987,MAP_ID_NOT_PRESENT_IN_PADI_SITE_LIST
16201,-12.583046616593338,13.265647917520969,MAP_ID_NOT_PRESENT_IN_PADI_SITE_LIST
16204,26.231530373199714,34.21339936800587,MAP_ID_NOT_PRESENT_IN_PADI_SITE_LIST
16205,26.55515367182388,34.03660471976111,MAP_ID_NOT_PRESENT_IN_PADI_SITE_LIST
16206,26.635874299090272,33.98157137805902,MAP_ID_NOT_PRESENT_IN_PADI_SITE_LIST
16207,40.99512360567748,17.235619897163645,MAP_ID_NOT_PRESENT_IN_PADI_SITE_LIST
16212,40.10216984426463,23.306164990883808,MAP_ID_NOT_PRESENT_IN_PADI_SITE_LIST
16213,40.076757917084194,23.307665429045162,MAP_ID_NOT_PRESENT_IN_PADI_SITE_LIST
16214,26.318728927046806,34.1836863564757,MAP_ID_NOT_PRESENT_IN_PADI_SITE_LIST
16215,26.402863771666365,34.114993780643765,MAP_ID_NOT_PRESENT_IN_PADI_SITE_LIST
16216,26.103514726858656,34.28678511672431,MAP_ID_NOT_PRESENT_IN_PADI_SITE_LIST
16217,26.10398198887582,34.288319303497616,MAP_ID_NOT_PRESENT_IN_PADI_SITE_LIST
16219,26.002795701760302,34.335746153701386,MAP_ID_NOT_PRESENT_IN_PADI_SITE_LIST
16391,9.764085697212597,-84.88981246948244,MAP_ID_NOT_PRESENT_IN_PADI_SITE_LIST
16397,47.867,16.387,MAP_ID_NOT_PRESENT_IN_PADI_SITE_LIST
16421,26.205850894748632,34.21962261199952,MAP_ID_NOT_PRESENT_IN_PADI_SITE_LIST
16422,25.9821679796338,34.346689524444216,MAP_ID_NOT_PRESENT_IN_PADI_SITE_LIST
16640,12.51970934358291,-81.72961235046388,MAP_ID_NOT_PRESENT_IN_PADI_SITE_LIST
16893,36.621796594468435,29.045104980468754,MAP_ID_NOT_PRESENT_IN_PADI_SITE_LIST
17119,51.68316,4.876674,MAP_ID_NOT_PRESENT_IN_PADI_SITE_LIST
17151,-36.82223713626622,175.79910278320312,MAP_ID_NOT_PRESENT_IN_PADI_SITE_LIST
17154,-32.20857986836957,152.567107292125,MAP_ID_NOT_PRESENT_IN_PADI_SITE_LIST
17156,2.893023642266905,104.05593013901903,MAP_ID_NOT_PRESENT_IN_PADI_SITE_LIST
17636,-27.114374995677565,-70.92343910258933,MAP_ID_NOT_PRESENT_IN_PADI_SITE_LIST
17637,-27.116093932203174,-70.92176941413126,MAP_ID_NOT_PRESENT_IN_PADI_SITE_LIST
17645,-7.986137669698272,39.814796447753906,MAP_ID_NOT_PRESENT_IN_PADI_SITE_LIST
17646,-7.998037255129476,39.80544090270997,MAP_ID_NOT_PRESENT_IN_PADI_SITE_LIST
17678,44.771599220698896,-75.37020206451417,MAP_ID_NOT_PRESENT_IN_PADI_SITE_LIST
17809,48.254941236701455,4.334363002881211,MAP_ID_NOT_PRESENT_IN_PADI_SITE_LIST
17845,51.18921531376197,-4.663567381674217,MAP_ID_NOT_PRESENT_IN_PADI_SITE_LIST
17854,-7.954219570859076,39.80282311071751,MAP_ID_NOT_PRESENT_IN_PADI_SITE_LIST
17855,-8.008576597979689,39.7982996338035,MAP_ID_NOT_PRESENT_IN_PADI_SITE_LIST
17906,59.5704533,15.8215768,MAP_ID_NOT_PRESENT_IN_PADI_SITE_LIST
18072,9.592329288743196,-79.65620029735385,MAP_ID_NOT_PRESENT_IN_PADI_SITE_LIST
18171,-23.829398549334496,-45.39263247226177,MAP_ID_NOT_PRESENT_IN_PADI_SITE_LIST
18279,43.03765414141818,16.26834869384766,MAP_ID_NOT_PRESENT_IN_PADI_SITE_LIST
18280,36.688828818794114,27.677414417266846,MAP_ID_NOT_PRESENT_IN_PADI_SITE_LIST
18281,43.00948626978368,16.066449406308266,MAP_ID_NOT_PRESENT_IN_PADI_SITE_LIST
18282,43.05364925384085,16.04038238525391,MAP_ID_NOT_PRESENT_IN_PADI_SITE_LIST
18500,40.501,-114.0,MAP_ID_NOT_PRESENT_IN_PADI_SITE_LIST
18798,-42.7852283500159,-64.95430469512941,MAP_ID_NOT_PRESENT_IN_PADI_SITE_LIST
18800,-8.314352261762792,124.36699390411378,MAP_ID_NOT_PRESENT_IN_PADI_SITE_LIST
18801,36.74404261067078,24.463205337524418,MAP_ID_NOT_PRESENT_IN_PADI_SITE_LIST
19001,19.7284124004376,-156.0623359680176,MAP_ID_NOT_PRESENT_IN_PADI_SITE_LIST
19002,37.09612765001264,25.372581877988186,MAP_ID_NOT_PRESENT_IN_PADI_SITE_LIST
19003,37.09402245495897,25.344150513770735,MAP_ID_NOT_PRESENT_IN_PADI_SITE_LIST
19004,37.07633993142779,25.33983767569599,MAP_ID_NOT_PRESENT_IN_PADI_SITE_LIST
19018,43.35975923864418,140.52423477172854,MAP_ID_NOT_PRESENT_IN_PADI_SITE_LIST
19195,10.497686146705865,-85.80266475677492,MAP_ID_NOT_PRESENT_IN_PADI_SITE_LIST
19382,17.942277219910853,-66.87292054608847,MAP_ID_NOT_PRESENT_IN_PADI_SITE_LIST
19388,36.60285036840544,30.580143698390607,MAP_ID_NOT_PRESENT_IN_PADI_SITE_LIST
19622,12.213654897714802,-68.33487640630214,MAP_ID_NOT_PRESENT_IN_PADI_SITE_LIST
20165,43.47185753169369,10.333628654479982,MAP_ID_NOT_PRESENT_IN_PADI_SITE_LIST
20166,43.47304099959119,10.329723358154299,MAP_ID_NOT_PRESENT_IN_PADI_SITE_LIST
20173,52.198006641445374,4.485125541687013,MAP_ID_NOT_PRESENT_IN_PADI_SITE_LIST
20194,36.01809053695328,14.340269565582275,MAP_ID_NOT_PRESENT_IN_PADI_SITE_LIST
20295,10.6327778,-75.83111111111111,MAP_ID_NOT_PRESENT_IN_PADI_SITE_LIST
20300,10.4102778,-75.80055555555555,MAP_ID_NOT_PRESENT_IN_PADI_SITE_LIST
20317,10.264080182144182,-75.59885501861574,MAP_ID_NOT_PRESENT_IN_PADI_SITE_LIST
20318,46.489787877425044,-93.94339215143101,MAP_ID_NOT_PRESENT_IN_PADI_SITE_LIST
20320,49.45102048427069,-123.24003659999998,MAP_ID_NOT_PRESENT_IN_PADI_SITE_LIST
20382,-32.256362100282246,115.750150680542,MAP_ID_NOT_PRESENT_IN_PADI_SITE_LIST
20424,10.282491301524178,-75.59752464294435,MAP_ID_NOT_PRESENT_IN_PADI_SITE_LIST
20425,10.293385449421748,-75.59297561645509,MAP_ID_NOT_PRESENT_IN_PADI_SITE_LIST
20426,10.374166666666667,-75.6666666388889,MAP_ID_NOT_PRESENT_IN_PADI_SITE_LIST
20427,10.5711111,-75.68,MAP_ID_NOT_PRESENT_IN_PADI_SITE_LIST
20428,10.4552778,-75.8338888888889,MAP_ID_NOT_PRESENT_IN_PADI_SITE_LIST
20429,10.6244444,-75.82861111111112,MAP_ID_NOT_PRESENT_IN_PADI_SITE_LIST
20430,10.5172222,-75.8725,MAP_ID_NOT_PRESENT_IN_PADI_SITE_LIST
20431,10.6038889,-75.70583333333335,MAP_ID_NOT_PRESENT_IN_PADI_SITE_LIST
20432,10.6425,-75.83000000000001,MAP_ID_NOT_PRESENT_IN_PADI_SITE_LIST
20434,10.4888889,-75.75972222222222,MAP_ID_NOT_PRESENT_IN_PADI_SITE_LIST
20435,10.4636111,-75.75583333333333,MAP_ID_NOT_PRESENT_IN_PADI_SITE_LIST
20437,38.275,15.224722222222223,MAP_ID_NOT_PRESENT_IN_PADI_SITE_LIST
20438,37.06531408309759,25.322628021240238,MAP_ID_NOT_PRESENT_IN_PADI_SITE_LIST
20546,-32.209343,115.76751,MAP_ID_NOT_PRESENT_IN_PADI_SITE_LIST
20579,-32.137173,115.744529,MAP_ID_NOT_PRESENT_IN_PADI_SITE_LIST
20789,45.87838723654434,9.350738525390627,MAP_ID_NOT_PRESENT_IN_PADI_SITE_LIST
20794,-8.05515009747361,-34.7765535877077,MAP_ID_NOT_PRESENT_IN_PADI_SITE_LIST
20802,-32.105389,115.76148,MAP_ID_NOT_PRESENT_IN_PADI_SITE_LIST
20803,-32.27388,115.731064,MAP_ID_NOT_PRESENT_IN_PADI_SITE_LIST
20806,-15.532091110510432,167.169942855835,MAP_ID_NOT_PRESENT_IN_PADI_SITE_LIST
20811,37.706598,-25.435852,MAP_ID_NOT_PRESENT_IN_PADI_SITE_LIST
20813,28.85564963606293,-13.842172622680666,MAP_ID_NOT_PRESENT_IN_PADI_SITE_LIST
20827,-32.053481,115.72614,MAP_ID_NOT_PRESENT_IN_PADI_SITE_LIST
20828,-32.14117,115.760322,MAP_ID_NOT_PRESENT_IN_PADI_SITE_LIST
20829,-32.32,115.7,MAP_ID_NOT_PRESENT_IN_PADI_SITE_LIST
20830,36.54988,29.115132,MAP_ID_NOT_PRESENT_IN_PADI_SITE_LIST
20831,-20.439238211899053,57.7487325668335,MAP_ID_NOT_PRESENT_IN_PADI_SITE_LIST
20833,-0.777452,-89.519305,MAP_ID_NOT_PRESENT_IN_PADI_SITE_LIST
20846,45.05466668861169,-92.69564151763917,MAP_ID_NOT_PRESENT_IN_PADI_SITE_LIST
21043,24.84166388888889,-80.61849722222222,MAP_ID_NOT_PRESENT_IN_PADI_SITE_LIST
21046,1.2428596339823628,103.83985522489779,MAP_ID_NOT_PRESENT_IN_PADI_SITE_LIST
21052,49.326507,-122.947376,MAP_ID_NOT_PRESENT_IN_PADI_SITE_LIST
21079,34.906135051768004,-82.90793788324054,MAP_ID_NOT_PRESENT_IN_PADI_SITE_LIST
21080,34.712637352763714,-82.95556415064458,MAP_ID_NOT_PRESENT_IN_PADI_SITE_LIST
21083,34.844486416877416,138.76419067382815,MAP_ID_NOT_PRESENT_IN_PADI_SITE_LIST
21086,26.502089,127.844006,MAP_ID_NOT_PRESENT_IN_PADI_SITE_LIST
21143,38.97142119417929,26.516876513605073,MAP_ID_NOT_PRESENT_IN_PADI_SITE_LIST
21145,46.47194587709072,-80.9900736808777,MAP_ID_NOT_PRESENT_IN_PADI_SITE_LIST
21171,39.85265652344575,-84.79597818088715,MAP_ID_NOT_PRESENT_IN_PADI_SITE_LIST
21176,49.324758369828,-122.88753032684328,MAP_ID_NOT_PRESENT_IN_PADI_SITE_LIST
21179,42.66206262796892,-70.62349274754526,MAP_ID_NOT_PRESENT_IN_PADI_SITE_LIST
21210,9.945518164469998,99.99056339263917,MAP_ID_NOT_PRESENT_IN_PADI_SITE_LIST
21284,-17.516011450289696,-149.52487090213697,MAP_ID_NOT_PRESENT_IN_PADI_SITE_LIST
21285,-17.50974974336432,-149.5238425587837,MAP_ID_NOT_PRESENT_IN_PADI_SITE_LIST
21286,17.001348,-61.761618,MAP_ID_NOT_PRESENT_IN_PADI_SITE_LIST
21291,32.6468,16.98986,MAP_ID_NOT_PRESENT_IN_PADI_SITE_LIST
21357,24.054243167486906,37.859712839126594,MAP_ID_NOT_PRESENT_IN_PADI_SITE_LIST
21358,24.054166666666667,37.8575,MAP_ID_NOT_PRESENT_IN_PADI_SITE_LIST
21359,23.833055555555557,37.90416666666667,MAP_ID_NOT_PRESENT_IN_PADI_SITE_LIST
21360,23.859444444444446,37.890277777777776,MAP_ID_NOT_PRESENT_IN_PADI_SITE_LIST
21361,23.753611111111113,37.97416666666667,MAP_ID_NOT_PRESENT_IN_PADI_SITE_LIST
21364,13.653585,-89.03651,MAP_ID_NOT_PRESENT_IN_PADI_SITE_LIST
21366,34.593932731351,32.76947021484376,MAP_ID_NOT_PRESENT_IN_PADI_SITE_LIST
21367,34.602410961291504,32.76535034179688,MAP_ID_NOT_PRESENT_IN_PADI_SITE_LIST
21370,47.478572973183525,9.502401351928711,MAP_ID_NOT_PRESENT_IN_PADI_SITE_LIST
21373,46.16724489177371,8.850442171096804,MAP_ID_NOT_PRESENT_IN_PADI_SITE_LIST
21374,46.251243545753084,8.843720555305481,MAP_ID_NOT_PRESENT_IN_PADI_SITE_LIST
21410,32.85695061212176,-117.26050257682802,MAP_ID_NOT_PRESENT_IN_PADI_SITE_LIST
21412,32.736173,-16.67823,MAP_ID_NOT_PRESENT_IN_PADI_SITE_LIST
21415,7.6837733211111425,98.88725280761719,MAP_ID_NOT_PRESENT_IN_PADI_SITE_LIST
21505,43.4836213497221,16.306650638580326,MAP_ID_NOT_PRESENT_IN_PADI_SITE_LIST
21507,46.260037,8.836633,MAP_ID_NOT_PRESENT_IN_PADI_SITE_LIST
21508,-33.96713,151.256422,MAP_ID_NOT_PRESENT_IN_PADI_SITE_LIST
21533,47.08070194669029,-1.0597944259643557,MAP_ID_NOT_PRESENT_IN_PADI_SITE_LIST
21535,42.58474911426277,8.727092742919924,MAP_ID_NOT_PRESENT_IN_PADI_SITE_LIST
21536,46.736868008947994,-71.40031814575197,MAP_ID_NOT_PRESENT_IN_PADI_SITE_LIST
21540,17.755335156376695,-64.90310668945314,MAP_ID_NOT_PRESENT_IN_PADI_SITE_LIST
21601,8.675773,-77.371042,MAP_ID_NOT_PRESENT_IN_PADI_SITE_LIST
21602,8.677791,-77.371415,MAP_ID_NOT_PRESENT_IN_PADI_SITE_LIST
21608,8.65711,-77.353712,MAP_ID_NOT_PRESENT_IN_PADI_SITE_LIST
21609,8.651922,-77.34881,MAP_ID_NOT_PRESENT_IN_PADI_SITE_LIST
21610,8.651158,-77.346969,MAP_ID_NOT_PRESENT_IN_PADI_SITE_LIST
21611,8.65005,-77.346141,MAP_ID_NOT_PRESENT_IN_PADI_SITE_LIST
21612,8.644965,-77.339072,MAP_ID_NOT_PRESENT_IN_PADI_SITE_LIST
21613,8.644108,-77.338358,MAP_ID_NOT_PRESENT_IN_PADI_SITE_LIST
21614,8.643803,-77.341009,MAP_ID_NOT_PRESENT_IN_PADI_SITE_LIST
21615,8.641731,-77.341841,MAP_ID_NOT_PRESENT_IN_PADI_SITE_LIST
21616,8.641734,-77.338052,MAP_ID_NOT_PRESENT_IN_PADI_SITE_LIST
21617,8.672042,-77.357978,MAP_ID_NOT_PRESENT_IN_PADI_SITE_LIST
21618,8.664576,-77.353662,MAP_ID_NOT_PRESENT_IN_PADI_SITE_LIST
21619,8.615671,-77.327829,MAP_ID_NOT_PRESENT_IN_PADI_SITE_LIST
21620,8.610392,-77.318733,MAP_ID_NOT_PRESENT_IN_PADI_SITE_LIST
21621,8.612765,-77.318876,MAP_ID_NOT_PRESENT_IN_PADI_SITE_LIST
21622,8.616646,-77.326321,MAP_ID_NOT_PRESENT_IN_PADI_SITE_LIST
21623,8.619256,-77.324364,MAP_ID_NOT_PRESENT_IN_PADI_SITE_LIST
21630,18.362345911229017,-64.8671865463257,MAP_ID_NOT_PRESENT_IN_PADI_SITE_LIST
21713,-32.001726,115.534897,MAP_ID_NOT_PRESENT_IN_PADI_SITE_LIST
21775,-0.7596222539762707,-90.30577182769777,MAP_ID_NOT_PRESENT_IN_PADI_SITE_LIST
21779,-0.7576912327767396,-90.27912139892578,MAP_ID_NOT_PRESENT_IN_PADI_SITE_LIST
21780,-0.7593218729573941,-90.30551433563234,MAP_ID_NOT_PRESENT_IN_PADI_SITE_LIST
21781,39.61815,-104.65388,MAP_ID_NOT_PRESENT_IN_PADI_SITE_LIST
21802,26.495618,54.101229,MAP_ID_NOT_PRESENT_IN_PADI_SITE_LIST
21803,26.501609,54.085007,MAP_ID_NOT_PRESENT_IN_PADI_SITE_LIST
21804,26.503145,54.091873,MAP_ID_NOT_PRESENT_IN_PADI_SITE_LIST
21805,46.702820197641245,13.41061592102051,MAP_ID_NOT_PRESENT_IN_PADI_SITE_LIST
21806,26.506909,54.054108,MAP_ID_NOT_PRESENT_IN_PADI_SITE_LIST
21807,26.518411,54.052649,MAP_ID_NOT_PRESENT_IN_PADI_SITE_LIST
21808,26.527953,54.055052,MAP_ID_NOT_PRESENT_IN_PADI_SITE_LIST
21809,26.462736,54.17942,MAP_ID_NOT_PRESENT_IN_PADI_SITE_LIST
21810,26.539394,54.029517,MAP_ID_NOT_PRESENT_IN_PADI_SITE_LIST
21811,11.981393780410366,-61.78178787231445,MAP_ID_NOT_PRESENT_IN_PADI_SITE_LIST
21939,26.637639,53.753357,MAP_ID_NOT_PRESENT_IN_PADI_SITE_LIST
21944,12.433291666666666,101.66665277777778,MAP_ID_NOT_PRESENT_IN_PADI_SITE_LIST
21965,26.54832,53.897756,MAP_ID_NOT_PRESENT_IN_PADI_SITE_LIST
21971,47.86896290038309,16.383833885192875,MAP_ID_NOT_PRESENT_IN_PADI_SITE_LIST
22089,-6.158912853126718,39.52726364135743,MAP_ID_NOT_PRESENT_IN_PADI_SITE_LIST
22090,-6.158326172703974,39.52548265457153,MAP_ID_NOT_PRESENT_IN_PADI_SITE_LIST
22096,36.60955097489402,-121.89527921787692,MAP_ID_NOT_PRESENT_IN_PADI_SITE_LIST
22099,12.609851342030542,-70.05663868831401,MAP_ID_NOT_PRESENT_IN_PADI_SITE_LIST
22103,27.808496766,33.918662992,MAP_ID_NOT_PRESENT_IN_PADI_SITE_LIST
22104,7.651023951028489,-81.70708179473878,MAP_ID_NOT_PRESENT_IN_PADI_SITE_LIST
22106,26.479946,53.978577,MAP_ID_NOT_PRESENT_IN_PADI_SITE_LIST
22107,26.526129,53.907616,MAP_ID_NOT_PRESENT_IN_PADI_SITE_LIST
22108,26.493092,53.97377,MAP_ID_NOT_PRESENT_IN_PADI_SITE_LIST
22109,26.52465,53.907595,MAP_ID_NOT_PRESENT_IN_PADI_SITE_LIST
22111,42.405206634470666,27.730007171630863,MAP_ID_NOT_PRESENT_IN_PADI_SITE_LIST
22116,19.35265,-81.16605,MAP_ID_NOT_PRESENT_IN_PADI_SITE_LIST
22118,19.353611,-81.163333,MAP_ID_NOT_PRESENT_IN_PADI_SITE_LIST
22121,19.35635,-81.142567,MAP_ID_NOT_PRESENT_IN_PADI_SITE_LIST
22122,19.35643,-81.13871,MAP_ID_NOT_PRESENT_IN_PADI_SITE_LIST
22124,19.35845,-81.123483,MAP_ID_NOT_PRESENT_IN_PADI_SITE_LIST
22125,19.35785,-81.11499,MAP_ID_NOT_PRESENT_IN_PADI_SITE_LIST
22132,38.03609265913954,14.042716026306154,MAP_ID_NOT_PRESENT_IN_PADI_SITE_LIST
22134,38.03730526364641,14.03981387615204,MAP_ID_NOT_PRESENT_IN_PADI_SITE_LIST
22136,19.356167,-81.095517,MAP_ID_NOT_PRESENT_IN_PADI_SITE_LIST
22137,19.350467,-81.084283,MAP_ID_NOT_PRESENT_IN_PADI_SITE_LIST
22138,38.040723263759794,14.018683433532717,MAP_ID_NOT_PRESENT_IN_PADI_SITE_LIST
22142,19.354917,-81.162,MAP_ID_NOT_PRESENT_IN_PADI_SITE_LIST
22149,19.292222,-81.087778,MAP_ID_NOT_PRESENT_IN_PADI_SITE_LIST
22153,19.290556,-81.112222,MAP_ID_NOT_PRESENT_IN_PADI_SITE_LIST
22160,19.2906,-81.125767,MAP_ID_NOT_PRESENT_IN_PADI_SITE_LIST
22163,19.290117,-81.146017,MAP_ID_NOT_PRESENT_IN_PADI_SITE_LIST
22165,19.291111,-81.15,MAP_ID_NOT_PRESENT_IN_PADI_SITE_LIST
22168,19.289211,-81.193993,MAP_ID_NOT_PRESENT_IN_PADI_SITE_LIST
22265,44.21758161000304,-76.51849865913391,MAP_ID_NOT_PRESENT_IN_PADI_SITE_LIST
22285,9.561776254594895,-79.68456745147706,MAP_ID_NOT_PRESENT_IN_PADI_SITE_LIST
22286,9.5642,-79.6952,MAP_ID_NOT_PRESENT_IN_PADI_SITE_LIST
22382,18.0212471,-63.1137851,MAP_ID_NOT_PRESENT_IN_PADI_SITE_LIST
22383,18.0366211,-63.10512711,MAP_ID_NOT_PRESENT_IN_PADI_SITE_LIST
22386,42.29007217098532,27.76575554877351,MAP_ID_NOT_PRESENT_IN_PADI_SITE_LIST
22387,42.65539285122138,27.731970548629764,MAP_ID_NOT_PRESENT_IN_PADI_SITE_LIST
22388,42.65638703876242,27.733660173808335,MAP_ID_NOT_PRESENT_IN_PADI_SITE_LIST
22389,42.65684467530426,27.73354753933607,MAP_ID_NOT_PRESENT_IN_PADI_SITE_LIST
22390,42.658446376678796,27.723248050243395,MAP_ID_NOT_PRESENT_IN_PADI_SITE_LIST
22391,42.655526988563224,27.736046951910854,MAP_ID_NOT_PRESENT_IN_PADI_SITE_LIST
22392,42.654832627430885,27.733215093612674,MAP_ID_NOT_PRESENT_IN_PADI_SITE_LIST
22393,42.657120833657046,27.73634778472575,MAP_ID_NOT_PRESENT_IN_PADI_SITE_LIST
22394,42.657511398376485,27.742307959134767,MAP_ID_NOT_PRESENT_IN_PADI_SITE_LIST
22395,42.65831224563417,27.740596534565103,MAP_ID_NOT_PRESENT_IN_PADI_SITE_LIST
22396,42.65871858290933,27.7393197472832,MAP_ID_NOT_PRESENT_IN_PADI_SITE_LIST
22398,-33.38042605929805,-71.73797607421876,MAP_ID_NOT_PRESENT_IN_PADI_SITE_LIST
22399,44.29852904144917,9.218988418579103,MAP_ID_NOT_PRESENT_IN_PADI_SITE_LIST
22402,12.167177,-68.287185,MAP_ID_NOT_PRESENT_IN_PADI_SITE_LIST
22408,40.98210113065513,9.645481109619142,MAP_ID_NOT_PRESENT_IN_PADI_SITE_LIST
22409,40.99881607826166,9.662261009216309,MAP_ID_NOT_PRESENT_IN_PADI_SITE_LIST
22410,40.99262945014419,9.658827781677248,MAP_ID_NOT_PRESENT_IN_PADI_SITE_LIST
22411,40.993957518732024,9.660844802856447,MAP_ID_NOT_PRESENT_IN_PADI_SITE_LIST
22412,40.98579433258918,9.654579162597658,MAP_ID_NOT_PRESENT_IN_PADI_SITE_LIST
22413,40.993325879691085,9.659954309463503,MAP_ID_NOT_PRESENT_IN_PADI_SITE_LIST
22414,40.99528556056635,9.664750099182129,MAP_ID_NOT_PRESENT_IN_PADI_SITE_LIST
22415,40.99062110048719,9.658098220825197,MAP_ID_NOT_PRESENT_IN_PADI_SITE_LIST
22416,40.99139853341813,9.657926559448244,MAP_ID_NOT_PRESENT_IN_PADI_SITE_LIST
22418,40.989746477482456,9.656767845153809,MAP_ID_NOT_PRESENT_IN_PADI_SITE_LIST
22420,40.999301914519215,9.6610164642334,MAP_ID_NOT_PRESENT_IN_PADI_SITE_LIST
22422,40.984952041582275,9.653463363647463,MAP_ID_NOT_PRESENT_IN_PADI_SITE_LIST
22423,40.99408708496676,9.663419723510744,MAP_ID_NOT_PRESENT_IN_PADI_SITE_LIST
22428,44.981860167782784,14.469337463378908,MAP_ID_NOT_PRESENT_IN_PADI_SITE_LIST
22444,40.62779648132571,14.341149330139162,MAP_ID_NOT_PRESENT_IN_PADI_SITE_LIST
22445,40.618611,14.324722,MAP_ID_NOT_PRESENT_IN_PADI_SITE_LIST
22452,51.22677540342058,-115.5014991760254,MAP_ID_NOT_PRESENT_IN_PADI_SITE_LIST
22453,51.244724592848236,-115.49437522888185,MAP_ID_NOT_PRESENT_IN_PADI_SITE_LIST
22454,50.798204798990135,-114.84712600708009,MAP_ID_NOT_PRESENT_IN_PADI_SITE_LIST
22527,42.74341933372099,9.46725368499756,MAP_ID_NOT_PRESENT_IN_PADI_SITE_LIST
22533,18.02880555555555,-63.12805555555555,MAP_ID_NOT_PRESENT_IN_PADI_SITE_LIST
22551,46.642129668734164,-111.7149066925049,MAP_ID_NOT_PRESENT_IN_PADI_SITE_LIST
22596,9.914400363514883,104.01003599166872,MAP_ID_NOT_PRESENT_IN_PADI_SITE_LIST
22602,-32.995526786415645,137.75157094001773,MAP_ID_NOT_PRESENT_IN_PADI_SITE_LIST
22636,36.53489852204619,31.987187862396244,MAP_ID_NOT_PRESENT_IN_PADI_SITE_LIST
22637,36.53070019547721,31.987370252609256,MAP_ID_NOT_PRESENT_IN_PADI_SITE_LIST
22638,41.4081825840887,13.7641578912735,MAP_ID_NOT_PRESENT_IN_PADI_SITE_LIST
22639,24.704420062373362,35.090852379798896,MAP_ID_NOT_PRESENT_IN_PADI_SITE_LIST
22641,18.435,110.14,MAP_ID_NOT_PRESENT_IN_PADI_SITE_LIST
22668,44.36684541593847,-1.1992692947387698,MAP_ID_NOT_PRESENT_IN_PADI_SITE_LIST
22670,41.30221024087558,9.401555927179288,MAP_ID_NOT_PRESENT_IN_PADI_SITE_LIST
22671,27.40556626503679,33.69691371917725,MAP_ID_NOT_PRESENT_IN_PADI_SITE_LIST
22682,18.728851713580486,-68.45263262589444,MAP_ID_NOT_PRESENT_IN_PADI_SITE_LIST
22683,5.879886397184473,95.25788060174098,MAP_ID_NOT_PRESENT_IN_PADI_SITE_LIST
22690,8.319722222222222,79.69305555555556,MAP_ID_NOT_PRESENT_IN_PADI_SITE_LIST
22691,8.180277777777777,79.67527777777778,MAP_ID_NOT_PRESENT_IN_PADI_SITE_LIST
22702,8.1725,79.67782777777778,MAP_ID_NOT_PRESENT_IN_PADI_SITE_LIST
22762,49.1405,2.2847,MAP_ID_NOT_PRESENT_IN_PADI_SITE_LIST
22834,39.41935334838333,-9.508388042449953,MAP_ID_NOT_PRESENT_IN_PADI_SITE_LIST
22835,5.451061885624804,73.3676862716675,MAP_ID_NOT_PRESENT_IN_PADI_SITE_LIST
22838,5.418293780574795,73.35279464721681,MAP_ID_NOT_PRESENT_IN_PADI_SITE_LIST
22842,5.485707832376069,73.40210323358895,MAP_ID_NOT_PRESENT_IN_PADI_SITE_LIST
22843,5.469389029646324,73.37541103363039,MAP_ID_NOT_PRESENT_IN_PADI_SITE_LIST
22848,5.511765727468573,73.4978485107422,MAP_ID_NOT_PRESENT_IN_PADI_SITE_LIST
22852,-26.840882133382475,32.89345264434815,MAP_ID_NOT_PRESENT_IN_PADI_SITE_LIST
22856,39.47516051218389,-9.544211631273281,MAP_ID_NOT_PRESENT_IN_PADI_SITE_LIST
22900,26.785326,33.98729,MAP_ID_NOT_PRESENT_IN_PADI_SITE_LIST
22901,26.643239,34.048862,MAP_ID_NOT_PRESENT_IN_PADI_SITE_LIST
22906,39.41854938533008,-9.50902641080571,MAP_ID_NOT_PRESENT_IN_PADI_SITE_LIST
22909,39.41661817845894,-9.49748755197398,MAP_ID_NOT_PRESENT_IN_PADI_SITE_LIST
22910,39.40886794754102,-9.512078760314298,MAP_ID_NOT_PRESENT_IN_PADI_SITE_LIST
22914,5.533849966410449,73.46566199268212,MAP_ID_NOT_PRESENT_IN_PADI_SITE_LIST
22922,5.526545599383191,73.45892350794995,MAP_ID_NOT_PRESENT_IN_PADI_SITE_LIST
22989,37.73664798844239,-0.6917523989740749,MAP_ID_NOT_PRESENT_IN_PADI_SITE_LIST
23003,43.33881841415866,16.411085128784183,MAP_ID_NOT_PRESENT_IN_PADI_SITE_LIST
23093,28.652915642988262,-17.75944232940674,MAP_ID_NOT_PRESENT_IN_PADI_SITE_LIST
23103,40.02794305431511,9.708008766174318,MAP_ID_NOT_PRESENT_IN_PADI_SITE_LIST
23105,40.073079953269854,9.733006954193117,MAP_ID_NOT_PRESENT_IN_PADI_SITE_LIST
23110,40.08677279366354,9.732298851013185,MAP_ID_NOT_PRESENT_IN_PADI_SITE_LIST
23121,9.805000000000001,-75.82222222222222,MAP_ID_NOT_PRESENT_IN_PADI_SITE_LIST
23122,9.815555555555557,-75.82916666666667,MAP_ID_NOT_PRESENT_IN_PADI_SITE_LIST
23131,9.78615169796219,-75.85834801197053,MAP_ID_NOT_PRESENT_IN_PADI_SITE_LIST
23132,9.79992573812954,-75.83414384713039,MAP_ID_NOT_PRESENT_IN_PADI_SITE_LIST
23133,37.04448215598084,21.557621955871586,MAP_ID_NOT_PRESENT_IN_PADI_SITE_LIST
23257,39.416046265727154,-9.513822217925718,MAP_ID_NOT_PRESENT_IN_PADI_SITE_LIST
23258,40.785435995396774,13.407273917494992,MAP_ID_NOT_PRESENT_IN_PADI_SITE_LIST
23259,40.80270015985332,13.423531834444693,MAP_ID_NOT_PRESENT_IN_PADI_SITE_LIST
23260,40.792563946850024,13.44552943081626,MAP_ID_NOT_PRESENT_IN_PADI_SITE_LIST
23265,40.08775778391504,9.732127189636232,MAP_ID_NOT_PRESENT_IN_PADI_SITE_LIST
23274,43.51594162436369,7.075667381286622,MAP_ID_NOT_PRESENT_IN_PADI_SITE_LIST
23278,43.48322409450249,6.9523072242736825,MAP_ID_NOT_PRESENT_IN_PADI_SITE_LIST
23290,54.391653136849115,-5.575047831385265,MAP_ID_NOT_PRESENT_IN_PADI_SITE_LIST
23291,54.389704097476724,-5.5731586564972595,MAP_ID_NOT_PRESENT_IN_PADI_SITE_LIST
23292,44.12539532581425,14.872441291809084,MAP_ID_NOT_PRESENT_IN_PADI_SITE_LIST
23295,17.86276676956191,-87.97701334433222,MAP_ID_NOT_PRESENT_IN_PADI_SITE_LIST
23331,40.912020729422046,0.832364595788535,MAP_ID_NOT_PRESENT_IN_PADI_SITE_LIST
23332,40.92675124048065,0.8474704893947972,MAP_ID_NOT_PRESENT_IN_PADI_SITE_LIST
23426,14.806085526847165,120.27497291564941,MAP_ID_NOT_PRESENT_IN_PADI_SITE_LIST
23427,14.782144248185045,120.27076721191408,MAP_ID_NOT_PRESENT_IN_PADI_SITE_LIST
23459,19.358056,-81.130556,MAP_ID_NOT_PRESENT_IN_PADI_SITE_LIST
23462,19.316667,-81.066667,MAP_ID_NOT_PRESENT_IN_PADI_SITE_LIST
23471,37.06969722097324,25.352239608764652,MAP_ID_NOT_PRESENT_IN_PADI_SITE_LIST
23473,25.70203,-79.9136,MAP_ID_NOT_PRESENT_IN_PADI_SITE_LIST
23474,25.90917,-81.98667,MAP_ID_NOT_PRESENT_IN_PADI_SITE_LIST
23475,19.293333,-81.093889,MAP_ID_NOT_PRESENT_IN_PADI_SITE_LIST
23476,19.306111,-81.090833,MAP_ID_NOT_PRESENT_IN_PADI_SITE_LIST
23478,19.01722222222222,-112.06805555555555,MAP_ID_NOT_PRESENT_IN_PADI_SITE_LIST
23479,18.783611111111114,-111.01694444444445,MAP_ID_NOT_PRESENT_IN_PADI_SITE_LIST
23480,18.775,-110.95027777777779,MAP_ID_NOT_PRESENT_IN_PADI_SITE_LIST
23501,-32.012479,115.775857,MAP_ID_NOT_PRESENT_IN_PADI_SITE_LIST
23502,-32.037139,115.744207,MAP_ID_NOT_PRESENT_IN_PADI_SITE_LIST
23503,-32.021076,115.78253,MAP_ID_NOT_PRESENT_IN_PADI_SITE_LIST
23505,-32.027952,115.770632,MAP_ID_NOT_PRESENT_IN_PADI_SITE_LIST
23506,12.868874028539869,100.67313194274902,MAP_ID_NOT_PRESENT_IN_PADI_SITE_LIST
23518,-4.561238399896363,55.43147027492524,MAP_ID_NOT_PRESENT_IN_PADI_SITE_LIST
23555,43.200875,-80.696493,MAP_ID_NOT_PRESENT_IN_PADI_SITE_LIST
23556,-8.9220174,116.0020819,MAP_ID_NOT_PRESENT_IN_PADI_SITE_LIST
23565,12.14106091221415,-68.27602207660676,MAP_ID_NOT_PRESENT_IN_PADI_SITE_LIST
23567,42.658973,-82.506855,MAP_ID_NOT_PRESENT_IN_PADI_SITE_LIST
23570,12.210629671087073,-68.3216840028763,MAP_ID_NOT_PRESENT_IN_PADI_SITE_LIST
23616,-23.063760988456306,-43.14603567123414,MAP_ID_NOT_PRESENT_IN_PADI_SITE_LIST
23709,18.59261493178308,-87.32322670997468,MAP_ID_NOT_PRESENT_IN_PADI_SITE_LIST
23710,-23.91063488850122,35.540771484375,MAP_ID_NOT_PRESENT_IN_PADI_SITE_LIST
23712,-23.804507269014486,35.543861389160156,MAP_ID_NOT_PRESENT_IN_PADI_SITE_LIST
23713,-23.83434481923385,35.561370849609375,MAP_ID_NOT_PRESENT_IN_PADI_SITE_LIST
23719,-23.80984712397217,35.558624267578125,MAP_ID_NOT_PRESENT_IN_PADI_SITE_LIST
23720,-23.800737827443484,35.55656433105469,MAP_ID_NOT_PRESENT_IN_PADI_SITE_LIST
23721,-23.976528325141665,35.52360534667969,MAP_ID_NOT_PRESENT_IN_PADI_SITE_LIST
23724,-23.822410622312642,35.55999755859375,MAP_ID_NOT_PRESENT_IN_PADI_SITE_LIST
23741,29.997777777777777,-87.56027777777777,MAP_ID_NOT_PRESENT_IN_PADI_SITE_LIST
23742,38.988769,1.216393,MAP_ID_NOT_PRESENT_IN_PADI_SITE_LIST
23743,39.050385,1.314583,MAP_ID_NOT_PRESENT_IN_PADI_SITE_LIST
23745,30.27808143900468,-87.55103736616078,MAP_ID_NOT_PRESENT_IN_PADI_SITE_LIST
23748,38.99672398979624,1.284520601706163,MAP_ID_NOT_PRESENT_IN_PADI_SITE_LIST
23791,12.451160229657315,-69.95600350303813,MAP_ID_NOT_PRESENT_IN_PADI_SITE_LIST
23792,56.39381176754233,-5.51565170288086,MAP_ID_NOT_PRESENT_IN_PADI_SITE_LIST
23825,7.24381548443502,-81.83099586679607,MAP_ID_NOT_PRESENT_IN_PADI_SITE_LIST
23832,32.21243819547985,-100.0541116586729,MAP_ID_NOT_PRESENT_IN_PADI_SITE_LIST
23850,3.5457606696658504,72.8782367706299,MAP_ID_NOT_PRESENT_IN_PADI_SITE_LIST
23852,3.5579359243403434,72.92179584503175,MAP_ID_NOT_PRESENT_IN_PADI_SITE_LIST
23853,40.98010055991857,17.259247882524146,MAP_ID_NOT_PRESENT_IN_PADI_SITE_LIST
23854,3.524686499355993,72.92660236358644,MAP_ID_NOT_PRESENT_IN_PADI_SITE_LIST
23882,3.4648452560293452,72.81729698181154,MAP_ID_NOT_PRESENT_IN_PADI_SITE_LIST
23886,1.7139548290674094,124.77876663208009,MAP_ID_NOT_PRESENT_IN_PADI_SITE_LIST
23887,1.7839600391179098,124.80561017990114,MAP_ID_NOT_PRESENT_IN_PADI_SITE_LIST
23888,36.483951486787504,-4.743636846542359,MAP_ID_NOT_PRESENT_IN_PADI_SITE_LIST
23892,18.258717523115447,-78.36678743362428,MAP_ID_NOT_PRESENT_IN_PADI_SITE_LIST
23893,56.75655781966228,16.525454521179203,MAP_ID_NOT_PRESENT_IN_PADI_SITE_LIST
23940,41.47938,-71.36043,MAP_ID_NOT_PRESENT_IN_PADI_SITE_LIST
23945,23.649718,38.032792,MAP_ID_NOT_PRESENT_IN_PADI_SITE_LIST
23956,44.59554022798117,-75.6673049926758,MAP_ID_NOT_PRESENT_IN_PADI_SITE_LIST
23957,47.44126653699393,-53.15734863281251,MAP_ID_NOT_PRESENT_IN_PADI_SITE_LIST
23958,47.44495265975349,-53.20652961730958,MAP_ID_NOT_PRESENT_IN_PADI_SITE_LIST
23959,47.38972085919119,-53.12610626220704,MAP_ID_NOT_PRESENT_IN_PADI_SITE_LIST
23984,10.976920330393249,-65.36466121673585,MAP_ID_NOT_PRESENT_IN_PADI_SITE_LIST
23987,5.985344782379235,80.76414649568908,MAP_ID_NOT_PRESENT_IN_PADI_SITE_LIST
23988,6.004935191380596,80.79483032226564,MAP_ID_NOT_PRESENT_IN_PADI_SITE_LIST
23990,-32.333378,115.741181,MAP_ID_NOT_PRESENT_IN_PADI_SITE_LIST
23992,5.979155944999666,80.7391262965226,MAP_ID_NOT_PRESENT_IN_PADI_SITE_LIST
24068,18.31517386091874,-64.91520881652833,MAP_ID_NOT_PRESENT_IN_PADI_SITE_LIST
24069,18.296798536599198,-64.88559722900392,MAP_ID_NOT_PRESENT_IN_PADI_SITE_LIST
24070,5.990509206824829,80.75350182288527,MAP_ID_NOT_PRESENT_IN_PADI_SITE_LIST
24071,5.9710463279801465,80.73830916048314,MAP_ID_NOT_PRESENT_IN_PADI_SITE_LIST
24126,7.704484931387424,-81.64137840270996,MAP_ID_NOT_PRESENT_IN_PADI_SITE_LIST
24129,7.4880905767204355,-81.89517974853517,MAP_ID_NOT_PRESENT_IN_PADI_SITE_LIST
24132,7.853986587703179,-81.80286884307863,MAP_ID_NOT_PRESENT_IN_PADI_SITE_LIST
24158,7.686154995099127,-81.60696029663087,MAP_ID_NOT_PRESENT_IN_PADI_SITE_LIST
24160,7.65098141774164,-81.71862602233888,MAP_ID_NOT_PRESENT_IN_PADI_SITE_LIST
24176,44.32194444444445,9.145,MAP_ID_NOT_PRESENT_IN_PADI_SITE_LIST
24182,25.537252735558983,34.64233875274659,MAP_ID_NOT_PRESENT_IN_PADI_SITE_LIST
24189,34.167797032398994,-84.07117009162904,MAP_ID_NOT_PRESENT_IN_PADI_SITE_LIST
24222,37.65550673164278,20.857136223155464,MAP_ID_NOT_PRESENT_IN_PADI_SITE_LIST
24226,37.6456275525779,20.83706308538893,MAP_ID_NOT_PRESENT_IN_PADI_SITE_LIST
24227,37.64555959150706,20.832749625144587,MAP_ID_NOT_PRESENT_IN_PADI_SITE_LIST
24236,-18.382750583671463,177.9797600079078,MAP_ID_NOT_PRESENT_IN_PADI_SITE_LIST
24244,50.802029238878205,7.220121376628247,MAP_ID_NOT_PRESENT_IN_PADI_SITE_LIST
24245,-18.197839801886477,177.65128710029066,MAP_ID_NOT_PRESENT_IN_PADI_SITE_LIST
24246,-18.30498975032174,178.0842331862106,MAP_ID_NOT_PRESENT_IN_PADI_SITE_LIST
24249,5.963406105268554,80.72307580405422,MAP_ID_NOT_PRESENT_IN_PADI_SITE_LIST
24252,55.5174070145542,9.699146747589113,MAP_ID_NOT_PRESENT_IN_PADI_SITE_LIST
24263,-24.485694444444444,-46.67527777777777,MAP_ID_NOT_PRESENT_IN_PADI_SITE_LIST
24280,43.95176816707821,-78.29389572143556,MAP_ID_NOT_PRESENT_IN_PADI_SITE_LIST
24281,12.536592428226836,100.95641613006593,MAP_ID_NOT_PRESENT_IN_PADI_SITE_LIST
24283,12.532696429899834,100.9561586380005,MAP_ID_NOT_PRESENT_IN_PADI_SITE_LIST
24285,12.551882604893379,100.93105316162111,MAP_ID_NOT_PRESENT_IN_PADI_SITE_LIST
24305,12.536016410679307,100.958411693573,MAP_ID_NOT_PRESENT_IN_PADI_SITE_LIST
24324,12.531439643682564,100.93504428863525,MAP_ID_NOT_PRESENT_IN_PADI_SITE_LIST
24325,-18.2024874434468,177.6598819691803,MAP_ID_NOT_PRESENT_IN_PADI_SITE_LIST
24349,12.506218839196762,100.95830440521242,MAP_ID_NOT_PRESENT_IN_PADI_SITE_LIST
24351,-16.34999722222222,-38.916666638888884,MAP_ID_NOT_PRESENT_IN_PADI_SITE_LIST
24372,-30.26737021659334,30.860937992529742,MAP_ID_NOT_PRESENT_IN_PADI_SITE_LIST
24376,12.505883662412893,100.95718860626222,MAP_ID_NOT_PRESENT_IN_PADI_SITE_LIST
24377,56.29167738050487,12.46727764606476,MAP_ID_NOT_PRESENT_IN_PADI_SITE_LIST
24378,11.498481239158014,72.99514313060405,MAP_ID_NOT_PRESENT_IN_PADI_SITE_LIST
24413,56.29522885487597,12.457380294799806,MAP_ID_NOT_PRESENT_IN_PADI_SITE_LIST
24479,19.288867,-81.1214,MAP_ID_NOT_PRESENT_IN_PADI_SITE_LIST
24480,19.291117,-81.154333,MAP_ID_NOT_PRESENT_IN_PADI_SITE_LIST
24481,19.291417,-81.143633,MAP_ID_NOT_PRESENT_IN_PADI_SITE_LIST
24482,19.290083,-81.124033,MAP_ID_NOT_PRESENT_IN_PADI_SITE_LIST
24483,19.288517,-81.117717,MAP_ID_NOT_PRESENT_IN_PADI_SITE_LIST
24484,19.292783,-81.105,MAP_ID_NOT_PRESENT_IN_PADI_SITE_LIST
24486,19.296279,-81.085904,MAP_ID_NOT_PRESENT_IN_PADI_SITE_LIST
24509,19.306647706318913,-81.0824489593506,MAP_ID_NOT_PRESENT_IN_PADI_SITE_LIST
24510,19.305556,-81.080278,MAP_ID_NOT_PRESENT_IN_PADI_SITE_LIST
24511,19.342778,-81.077778,MAP_ID_NOT_PRESENT_IN_PADI_SITE_LIST
24512,19.34455,-81.077875,MAP_ID_NOT_PRESENT_IN_PADI_SITE_LIST
24513,19.3571,-81.100833,MAP_ID_NOT_PRESENT_IN_PADI_SITE_LIST
24514,19.35635,-81.105033,MAP_ID_NOT_PRESENT_IN_PADI_SITE_LIST
24516,19.358733,-81.11255,MAP_ID_NOT_PRESENT_IN_PADI_SITE_LIST
24517,19.358278,-81.13189,MAP_ID_NOT_PRESENT_IN_PADI_SITE_LIST
24518,19.357083,-81.150367,MAP_ID_NOT_PRESENT_IN_PADI_SITE_LIST
24520,19.361667,-81.401111,MAP_ID_NOT_PRESENT_IN_PADI_SITE_LIST
24528,5.92383,80.45803,MAP_ID_NOT_PRESENT_IN_PADI_SITE_LIST
24534,5.920083,80.47295,MAP_ID_NOT_PRESENT_IN_PADI_SITE_LIST
24559,5.959116,102.659715,MAP_ID_NOT_PRESENT_IN_PADI_SITE_LIST
24562,-12.992222222222221,-38.54416666666666,MAP_ID_NOT_PRESENT_IN_PADI_SITE_LIST
24579,-4.718221542563737,39.38117980957031,MAP_ID_NOT_PRESENT_IN_PADI_SITE_LIST
24593,41.7851850738858,16.188059449195865,MAP_ID_NOT_PRESENT_IN_PADI_SITE_LIST
24596,48.4823272619573,16.478073298931125,MAP_ID_NOT_PRESENT_IN_PADI_SITE_LIST
24599,40.8744459134281,28.972052621490043,MAP_ID_NOT_PRESENT_IN_PADI_SITE_LIST
24601,-5.873721605244846,55.3722095489502,MAP_ID_NOT_PRESENT_IN_PADI_SITE_LIST
24628,4.599043720994077,118.86285424232484,MAP_ID_NOT_PRESENT_IN_PADI_SITE_LIST
24629,4.599043720994077,118.86285424232484,MAP_ID_NOT_PRESENT_IN_PADI_SITE_LIST
24684,-5.862920922339902,55.39817333221436,MAP_ID_NOT_PRESENT_IN_PADI_SITE_LIST
24685,41.78484907558508,16.189341545104984,MAP_ID_NOT_PRESENT_IN_PADI_SITE_LIST
24686,-5.849643907129009,55.39993286132813,MAP_ID_NOT_PRESENT_IN_PADI_SITE_LIST
24687,-5.870562533876433,55.39924621582032,MAP_ID_NOT_PRESENT_IN_PADI_SITE_LIST
24688,-5.810280616781046,55.37319660186768,MAP_ID_NOT_PRESENT_IN_PADI_SITE_LIST
24690,39.87144134697135,20.009279251098636,MAP_ID_NOT_PRESENT_IN_PADI_SITE_LIST
24692,36.95174376406169,-77.76504993438722,MAP_ID_NOT_PRESENT_IN_PADI_SITE_LIST
24696,-0.637387,73.114185,MAP_ID_NOT_PRESENT_IN_PADI_SITE_LIST
24700,46.06802027555353,-114.2402172088623,MAP_ID_NOT_PRESENT_IN_PADI_SITE_LIST
24705,-32.17681117586189,152.5165414601093,MAP_ID_NOT_PRESENT_IN_PADI_SITE_LIST
24717,48.260555676108275,7.787075057049712,MAP_ID_NOT_PRESENT_IN_PADI_SITE_LIST
24719,43.140277777777776,17.264722222222222,MAP_ID_NOT_PRESENT_IN_PADI_SITE_LIST
24720,43.226111111111116,-17.10527777777778,MAP_ID_NOT_PRESENT_IN_PADI_SITE_LIST
24721,43.272777777777776,17.03777777777778,MAP_ID_NOT_PRESENT_IN_PADI_SITE_LIST
24722,43.327222222222225,16.96527777777778,MAP_ID_NOT_PRESENT_IN_PADI_SITE_LIST
24723,43.23027777777778,16.52861111111111,MAP_ID_NOT_PRESENT_IN_PADI_SITE_LIST
24728,43.14972222222222,16.979166666666664,MAP_ID_NOT_PRESENT_IN_PADI_SITE_LIST
24729,43.16,16.88138888888889,MAP_ID_NOT_PRESENT_IN_PADI_SITE_LIST
24730,43.295833333333334,16.900555555555552,MAP_ID_NOT_PRESENT_IN_PADI_SITE_LIST
24732,43.33305555555556,16.85888888888889,MAP_ID_NOT_PRESENT_IN_PADI_SITE_LIST
24734,43.32222222222222,16.883888888888887,MAP_ID_NOT_PRESENT_IN_PADI_SITE_LIST
24735,43.319722222222225,16.891666666666666,MAP_ID_NOT_PRESENT_IN_PADI_SITE_LIST
24736,43.39833333333333,16.88861111111111,MAP_ID_NOT_PRESENT_IN_PADI_SITE_LIST
24749,39.784894589036625,20.004386594007325,MAP_ID_NOT_PRESENT_IN_PADI_SITE_LIST
24761,4.596658866306658,118.86425953442344,MAP_ID_NOT_PRESENT_IN_PADI_SITE_LIST
24778,-0.4667,130.7333,MAP_ID_NOT_PRESENT_IN_PADI_SITE_LIST
24780,-2.15,130.4333,MAP_ID_NOT_PRESENT_IN_PADI_SITE_LIST
24791,-0.55,130.8667,MAP_ID_NOT_PRESENT_IN_PADI_SITE_LIST
24792,-2.0833,130.5,MAP_ID_NOT_PRESENT_IN_PADI_SITE_LIST
24793,-2.1,130.4833,MAP_ID_NOT_PRESENT_IN_PADI_SITE_LIST
24794,-2.1167,130.4667,MAP_ID_NOT_PRESENT_IN_PADI_SITE_LIST
24795,-2.1667,130.45,MAP_ID_NOT_PRESENT_IN_PADI_SITE_LIST
24796,-2.1333,130.4167,MAP_ID_NOT_PRESENT_IN_PADI_SITE_LIST
24797,-2.1533,130.4317,MAP_ID_NOT_PRESENT_IN_PADI_SITE_LIST
24798,-0.5167,130.8167,MAP_ID_NOT_PRESENT_IN_PADI_SITE_LIST
24800,-2.1333,130.4333,MAP_ID_NOT_PRESENT_IN_PADI_SITE_LIST
24844,45.43033777712257,-123.94593000411989,MAP_ID_NOT_PRESENT_IN_PADI_SITE_LIST
24851,8.65,97.6167,MAP_ID_NOT_PRESENT_IN_PADI_SITE_LIST
24881,4.42,73.505,MAP_ID_NOT_PRESENT_IN_PADI_SITE_LIST
24882,3.9362,72.913,MAP_ID_NOT_PRESENT_IN_PADI_SITE_LIST
24883,4.0043,72.8061,MAP_ID_NOT_PRESENT_IN_PADI_SITE_LIST
24884,4.0583,72.7254,MAP_ID_NOT_PRESENT_IN_PADI_SITE_LIST
24885,4.0231,72.7858,MAP_ID_NOT_PRESENT_IN_PADI_SITE_LIST
24886,3.83,72.85,MAP_ID_NOT_PRESENT_IN_PADI_SITE_LIST
24887,5.0637,72.8561,MAP_ID_NOT_PRESENT_IN_PADI_SITE_LIST
24888,3.582,72.928,MAP_ID_NOT_PRESENT_IN_PADI_SITE_LIST
24889,3.5691,72.9415,MAP_ID_NOT_PRESENT_IN_PADI_SITE_LIST
24890,3.5905,73.4985,MAP_ID_NOT_PRESENT_IN_PADI_SITE_LIST
24891,4.1707,73.3313,MAP_ID_NOT_PRESENT_IN_PADI_SITE_LIST
24892,-2.2667,130.6,MAP_ID_NOT_PRESENT_IN_PADI_SITE_LIST
24893,-2.3667,130.4833,MAP_ID_NOT_PRESENT_IN_PADI_SITE_LIST
24894,-2.0667,130.5167,MAP_ID_NOT_PRESENT_IN_PADI_SITE_LIST
24895,-18.4,178.1333,MAP_ID_NOT_PRESENT_IN_PADI_SITE_LIST
24896,-17.0333,178.4333,MAP_ID_NOT_PRESENT_IN_PADI_SITE_LIST
24897,-16.4667,179.9,MAP_ID_NOT_PRESENT_IN_PADI_SITE_LIST
24898,-16.75,180.0,MAP_ID_NOT_PRESENT_IN_PADI_SITE_LIST
24899,28.00615,34.47158,MAP_ID_NOT_PRESENT_IN_PADI_SITE_LIST
24902,24.8333,35.9667,MAP_ID_NOT_PRESENT_IN_PADI_SITE_LIST
24911,-2.0667,130.5167,MAP_ID_NOT_PRESENT_IN_PADI_SITE_LIST
24912,-2.05,130.5333,MAP_ID_NOT_PRESENT_IN_PADI_SITE_LIST
24913,-2.0333,130.55,MAP_ID_NOT_PRESENT_IN_PADI_SITE_LIST
24914,-2.0167,130.5667,MAP_ID_NOT_PRESENT_IN_PADI_SITE_LIST
24915,-1.9833,130.5833,MAP_ID_NOT_PRESENT_IN_PADI_SITE_LIST
24916,-1.9667,130.6,MAP_ID_NOT_PRESENT_IN_PADI_SITE_LIST
24917,-1.95,130.6167,MAP_ID_NOT_PRESENT_IN_PADI_SITE_LIST
24918,-1.9333,130.6333,MAP_ID_NOT_PRESENT_IN_PADI_SITE_LIST
24919,-1.9167,130.65,MAP_ID_NOT_PRESENT_IN_PADI_SITE_LIST
24920,-1.9,130.6667,MAP_ID_NOT_PRESENT_IN_PADI_SITE_LIST
24921,-1.8833,130.6833,MAP_ID_NOT_PRESENT_IN_PADI_SITE_LIST
24922,-1.8667,130.7,MAP_ID_NOT_PRESENT_IN_PADI_SITE_LIST
24923,-1.8167,130.75,MAP_ID_NOT_PRESENT_IN_PADI_SITE_LIST
24924,-1.8,130.7667,MAP_ID_NOT_PRESENT_IN_PADI_SITE_LIST
24925,-1.7833,130.7833,MAP_ID_NOT_PRESENT_IN_PADI_SITE_LIST
24926,-1.7667,130.8,MAP_ID_NOT_PRESENT_IN_PADI_SITE_LIST
24927,-1.75,130.8167,MAP_ID_NOT_PRESENT_IN_PADI_SITE_LIST
24928,-0.5167,130.8333,MAP_ID_NOT_PRESENT_IN_PADI_SITE_LIST
24929,-0.5,130.85,MAP_ID_NOT_PRESENT_IN_PADI_SITE_LIST
24930,-0.4667,130.8833,MAP_ID_NOT_PRESENT_IN_PADI_SITE_LIST
24931,-0.45,130.9,MAP_ID_NOT_PRESENT_IN_PADI_SITE_LIST
24932,-0.4333,130.9167,MAP_ID_NOT_PRESENT_IN_PADI_SITE_LIST
24933,-0.4167,130.9333,MAP_ID_NOT_PRESENT_IN_PADI_SITE_LIST
24934,-8.5167,119.5667,MAP_ID_NOT_PRESENT_IN_PADI_SITE_LIST
24935,-8.5333,119.5333,MAP_ID_NOT_PRESENT_IN_PADI_SITE_LIST
24936,-8.6,119.5,MAP_ID_NOT_PRESENT_IN_PADI_SITE_LIST
24937,-8.5,119.6167,MAP_ID_NOT_PRESENT_IN_PADI_SITE_LIST
24938,1.4667,125.3,MAP_ID_NOT_PRESENT_IN_PADI_SITE_LIST
24939,1.45,125.3167,MAP_ID_NOT_PRESENT_IN_PADI_SITE_LIST
24940,1.4639,125.3028,MAP_ID_NOT_PRESENT_IN_PADI_SITE_LIST
24941,1.4722,125.2917,MAP_ID_NOT_PRESENT_IN_PADI_SITE_LIST
24942,-4.5167,129.85,MAP_ID_NOT_PRESENT_IN_PADI_SITE_LIST
24943,-4.6,129.9667,MAP_ID_NOT_PRESENT_IN_PADI_SITE_LIST
24945,4.3667,73.55,MAP_ID_NOT_PRESENT_IN_PADI_SITE_LIST
24946,3.95,73.4333,MAP_ID_NOT_PRESENT_IN_PADI_SITE_LIST
24947,4.6833,72.9333,MAP_ID_NOT_PRESENT_IN_PADI_SITE_LIST
24948,5.2667,73.1667,MAP_ID_NOT_PRESENT_IN_PADI_SITE_LIST
24949,5.5333,73.3,MAP_ID_NOT_PRESENT_IN_PADI_SITE_LIST
24950,-0.3333,73.3333,MAP_ID_NOT_PRESENT_IN_PADI_SITE_LIST
24951,-0.4167,73.1667,MAP_ID_NOT_PRESENT_IN_PADI_SITE_LIST
24952,6.0,73.2,MAP_ID_NOT_PRESENT_IN_PADI_SITE_LIST
24953,9.0333,97.7,MAP_ID_NOT_PRESENT_IN_PADI_SITE_LIST
24954,8.6833,97.65,MAP_ID_NOT_PRESENT_IN_PADI_SITE_LIST
24955,8.7,97.6667,MAP_ID_NOT_PRESENT_IN_PADI_SITE_LIST
24956,8.7167,97.6833,MAP_ID_NOT_PRESENT_IN_PADI_SITE_LIST
24957,8.6667,97.6333,MAP_ID_NOT_PRESENT_IN_PADI_SITE_LIST
24959,7.2691,134.4041,MAP_ID_NOT_PRESENT_IN_PADI_SITE_LIST
24960,6.9833,134.2,MAP_ID_NOT_PRESENT_IN_PADI_SITE_LIST
24962,-20.039218,57.534495,MAP_ID_NOT_PRESENT_IN_PADI_SITE_LIST
24967,-17.490431222024554,-149.7536087036133,MAP_ID_NOT_PRESENT_IN_PADI_SITE_LIST
25010,-17.50934047395625,-149.76373672485354,MAP_ID_NOT_PRESENT_IN_PADI_SITE_LIST
25015,-20.040837,57.527934,MAP_ID_NOT_PRESENT_IN_PADI_SITE_LIST
25016,-17.530355265362818,-149.7617840766907,MAP_ID_NOT_PRESENT_IN_PADI_SITE_LIST
25017,-17.53304588324441,-149.77039933204654,MAP_ID_NOT_PRESENT_IN_PADI_SITE_LIST
25018,-17.536554880046086,-149.75802898406985,MAP_ID_NOT_PRESENT_IN_PADI_SITE_LIST
25020,-17.55736193762924,-149.77963685989383,MAP_ID_NOT_PRESENT_IN_PADI_SITE_LIST
25021,-17.5082559055645,-149.76517438888553,MAP_ID_NOT_PRESENT_IN_PADI_SITE_LIST
25022,-17.500643281030392,-149.76405858993533,MAP_ID_NOT_PRESENT_IN_PADI_SITE_LIST
25023,8.65,97.6167,MAP_ID_NOT_PRESENT_IN_PADI_SITE_LIST
25041,27.099294970781877,33.83763313293458,MAP_ID_NOT_PRESENT_IN_PADI_SITE_LIST
25042,27.103010251009387,33.839929103851325,MAP_ID_NOT_PRESENT_IN_PADI_SITE_LIST
25045,-1.5604876,-80.8222288,MAP_ID_NOT_PRESENT_IN_PADI_SITE_LIST
25073,43.717892073970305,7.373456954956056,MAP_ID_NOT_PRESENT_IN_PADI_SITE_LIST
25075,43.720218313084644,7.3661184310913095,MAP_ID_NOT_PRESENT_IN_PADI_SITE_LIST
25087,52.339980289638,18.269019126892093,MAP_ID_NOT_PRESENT_IN_PADI_SITE_LIST
25124,37.001593034223355,15.334838057243541,MAP_ID_NOT_PRESENT_IN_PADI_SITE_LIST
25125,37.00369222647644,15.313836337887386,MAP_ID_NOT_PRESENT_IN_PADI_SITE_LIST
25126,51.896,5.782,MAP_ID_NOT_PRESENT_IN_PADI_SITE_LIST
25129,3.67,72.98,MAP_ID_NOT_PRESENT_IN_PADI_SITE_LIST
25130,3.48,72.9,MAP_ID_NOT_PRESENT_IN_PADI_SITE_LIST
25131,3.49,72.9,MAP_ID_NOT_PRESENT_IN_PADI_SITE_LIST
25132,4.3,72.99,MAP_ID_NOT_PRESENT_IN_PADI_SITE_LIST
25133,4.29,72.98,MAP_ID_NOT_PRESENT_IN_PADI_SITE_LIST
25134,4.01,72.98,MAP_ID_NOT_PRESENT_IN_PADI_SITE_LIST
25135,3.98,72.94,MAP_ID_NOT_PRESENT_IN_PADI_SITE_LIST
25136,3.58,72.72,MAP_ID_NOT_PRESENT_IN_PADI_SITE_LIST
25138,3.89,73.4,MAP_ID_NOT_PRESENT_IN_PADI_SITE_LIST
25139,3.653,72.792,MAP_ID_NOT_PRESENT_IN_PADI_SITE_LIST
25140,3.62,72.98,MAP_ID_NOT_PRESENT_IN_PADI_SITE_LIST
25141,3.95,73.5,MAP_ID_NOT_PRESENT_IN_PADI_SITE_LIST
25142,5.45,73.47,MAP_ID_NOT_PRESENT_IN_PADI_SITE_LIST
25143,37.002017,15.33045,MAP_ID_NOT_PRESENT_IN_PADI_SITE_LIST
25144,37.00275,15.318867,MAP_ID_NOT_PRESENT_IN_PADI_SITE_LIST
25145,3.85,73.41,MAP_ID_NOT_PRESENT_IN_PADI_SITE_LIST
25152,20.546289479749678,-105.29129505157472,MAP_ID_NOT_PRESENT_IN_PADI_SITE_LIST
25154,51.3343,0.44086,MAP_ID_NOT_PRESENT_IN_PADI_SITE_LIST
25167,20.703413973888203,-105.56417226791383,MAP_ID_NOT_PRESENT_IN_PADI_SITE_LIST
25168,20.670532475409253,-105.65053939819336,MAP_ID_NOT_PRESENT_IN_PADI_SITE_LIST
25169,-8.5666667,115.5833333,MAP_ID_NOT_PRESENT_IN_PADI_SITE_LIST
25187,42.87829132764552,17.436761856079105,MAP_ID_NOT_PRESENT_IN_PADI_SITE_LIST
25208,8.30556,119.42026,MAP_ID_NOT_PRESENT_IN_PADI_SITE_LIST
25245,-3.7704,128.1525,MAP_ID_NOT_PRESENT_IN_PADI_SITE_LIST
25246,-4.6389,129.825,MAP_ID_NOT_PRESENT_IN_PADI_SITE_LIST
25247,-4.6358,129.8197,MAP_ID_NOT_PRESENT_IN_PADI_SITE_LIST
25248,-4.6167,129.8883,MAP_ID_NOT_PRESENT_IN_PADI_SITE_LIST
25249,-4.6147,129.8783,MAP_ID_NOT_PRESENT_IN_PADI_SITE_LIST
25250,-4.5308,129.8817,MAP_ID_NOT_PRESENT_IN_PADI_SITE_LIST
25251,-4.5267,129.9,MAP_ID_NOT_PRESENT_IN_PADI_SITE_LIST
25252,-5.5433,130.2775,MAP_ID_NOT_PRESENT_IN_PADI_SITE_LIST
25253,-6.6126,129.7844,MAP_ID_NOT_PRESENT_IN_PADI_SITE_LIST
25254,-9.0558,119.4917,MAP_ID_NOT_PRESENT_IN_PADI_SITE_LIST
25255,-8.4017,119.4268,MAP_ID_NOT_PRESENT_IN_PADI_SITE_LIST
25256,-8.2291,119.0816,MAP_ID_NOT_PRESENT_IN_PADI_SITE_LIST
25257,-8.6756,118.9875,MAP_ID_NOT_PRESENT_IN_PADI_SITE_LIST
25258,-0.871,130.438,MAP_ID_NOT_PRESENT_IN_PADI_SITE_LIST
25260,-2.1547,130.0163,MAP_ID_NOT_PRESENT_IN_PADI_SITE_LIST
25261,-2.1592,129.9974,MAP_ID_NOT_PRESENT_IN_PADI_SITE_LIST
25262,-2.1485,129.9861,MAP_ID_NOT_PRESENT_IN_PADI_SITE_LIST
25263,-2.1376,129.9745,MAP_ID_NOT_PRESENT_IN_PADI_SITE_LIST
25264,-2.3218,129.7246,MAP_ID_NOT_PRESENT_IN_PADI_SITE_LIST
25265,-2.2201,129.7194,MAP_ID_NOT_PRESENT_IN_PADI_SITE_LIST
25266,-2.2765,129.6827,MAP_ID_NOT_PRESENT_IN_PADI_SITE_LIST
25267,-0.5899,130.3152,MAP_ID_NOT_PRESENT_IN_PADI_SITE_LIST
25268,-0.5742,130.2375,MAP_ID_NOT_PRESENT_IN_PADI_SITE_LIST
25286,-0.5121663548549907,130.44492244720462,MAP_ID_NOT_PRESENT_IN_PADI_SITE_LIST
25287,-0.5533,130.1965,MAP_ID_NOT_PRESENT_IN_PADI_SITE_LIST
25289,42.88137319358506,17.43766307830811,MAP_ID_NOT_PRESENT_IN_PADI_SITE_LIST
25290,8.33392,119.38039,MAP_ID_NOT_PRESENT_IN_PADI_SITE_LIST
25291,8.28973,119.33168,MAP_ID_NOT_PRESENT_IN_PADI_SITE_LIST
25292,8.31863,119.37698,MAP_ID_NOT_PRESENT_IN_PADI_SITE_LIST
25293,8.41273,119.34435,MAP_ID_NOT_PRESENT_IN_PADI_SITE_LIST
25294,8.40057,119.35065,MAP_ID_NOT_PRESENT_IN_PADI_SITE_LIST
25295,8.40778,119.33376,MAP_ID_NOT_PRESENT_IN_PADI_SITE_LIST
25296,8.39147,119.42816,MAP_ID_NOT_PRESENT_IN_PADI_SITE_LIST
25297,8.30714,119.38685,MAP_ID_NOT_PRESENT_IN_PADI_SITE_LIST
25323,8.2767,119.33562,MAP_ID_NOT_PRESENT_IN_PADI_SITE_LIST
25324,8.26336,119.34022,MAP_ID_NOT_PRESENT_IN_PADI_SITE_LIST
25325,60.73849869830335,24.061925577813913,MAP_ID_NOT_PRESENT_IN_PADI_SITE_LIST
25326,8.27629,119.33839,MAP_ID_NOT_PRESENT_IN_PADI_SITE_LIST
25327,8.25891,119.33843,MAP_ID_NOT_PRESENT_IN_PADI_SITE_LIST
25328,8.2767,119.33562,MAP_ID_NOT_PRESENT_IN_PADI_SITE_LIST
25329,8.33014,119.35971,MAP_ID_NOT_PRESENT_IN_PADI_SITE_LIST
25330,8.32823,119.38808,MAP_ID_NOT_PRESENT_IN_PADI_SITE_LIST
25331,8.34618,119.40794,MAP_ID_NOT_PRESENT_IN_PADI_SITE_LIST
25332,15.214391,-61.37178,MAP_ID_NOT_PRESENT_IN_PADI_SITE_LIST
25333,-0.5799158738317348,130.54178237915042,MAP_ID_NOT_PRESENT_IN_PADI_SITE_LIST
25335,-0.5867,130.5883,MAP_ID_NOT_PRESENT_IN_PADI_SITE_LIST
25336,-0.5708,130.5925,MAP_ID_NOT_PRESENT_IN_PADI_SITE_LIST
25337,-0.5508,130.6108,MAP_ID_NOT_PRESENT_IN_PADI_SITE_LIST
25338,-0.3764,130.2758,MAP_ID_NOT_PRESENT_IN_PADI_SITE_LIST
25339,-1.0846,130.1872,MAP_ID_NOT_PRESENT_IN_PADI_SITE_LIST
25340,-8.50926,119.700433,MAP_ID_NOT_PRESENT_IN_PADI_SITE_LIST
25341,7.746287824522023,98.30223083496095,MAP_ID_NOT_PRESENT_IN_PADI_SITE_LIST
25342,-8.53105,119.6283,MAP_ID_NOT_PRESENT_IN_PADI_SITE_LIST
25343,-8.667617,119.584417,MAP_ID_NOT_PRESENT_IN_PADI_SITE_LIST
25344,-8.687883,119.573917,MAP_ID_NOT_PRESENT_IN_PADI_SITE_LIST
25345,-8.679633,119.556267,MAP_ID_NOT_PRESENT_IN_PADI_SITE_LIST
25346,-8.461167,119.559367,MAP_ID_NOT_PRESENT_IN_PADI_SITE_LIST
25347,-8.550233,119.599517,MAP_ID_NOT_PRESENT_IN_PADI_SITE_LIST
25351,-0.5533,130.1965,MAP_ID_NOT_PRESENT_IN_PADI_SITE_LIST
25353,-8.460483,119.563983,MAP_ID_NOT_PRESENT_IN_PADI_SITE_LIST
25354,-0.5508,130.6108,MAP_ID_NOT_PRESENT_IN_PADI_SITE_LIST
25355,-8.550233,119.599517,MAP_ID_NOT_PRESENT_IN_PADI_SITE_LIST
25383,18.17977826492685,109.66347365506664,MAP_ID_NOT_PRESENT_IN_PADI_SITE_LIST
25407,-8.483640597099116,119.8390990293891,MAP_ID_NOT_PRESENT_IN_PADI_SITE_LIST
25421,-8.627318919207353,119.70638653564855,MAP_ID_NOT_PRESENT_IN_PADI_SITE_LIST
25422,-8.560369617090593,119.64964644571224,MAP_ID_NOT_PRESENT_IN_PADI_SITE_LIST
25423,-8.513836827220233,119.59273908312144,MAP_ID_NOT_PRESENT_IN_PADI_SITE_LIST
25424,-8.475898177119833,119.55625147095165,MAP_ID_NOT_PRESENT_IN_PADI_SITE_LIST
25425,-8.596748077970691,119.49470023751694,MAP_ID_NOT_PRESENT_IN_PADI_SITE_LIST
25441,6.842194924833184,73.00955772399904,MAP_ID_NOT_PRESENT_IN_PADI_SITE_LIST
25445,28.345812686671092,-82.70130157470705,MAP_ID_NOT_PRESENT_IN_PADI_SITE_LIST
25446,9.195817814758774,123.27758789062501,MAP_ID_NOT_PRESENT_IN_PADI_SITE_LIST
25449,17.928925876345726,-67.04732894897462,MAP_ID_NOT_PRESENT_IN_PADI_SITE_LIST
25452,9.191697911880363,123.27177286148073,MAP_ID_NOT_PRESENT_IN_PADI_SITE_LIST
25454,9.197586498711123,123.27545285224915,MAP_ID_NOT_PRESENT_IN_PADI_SITE_LIST
25458,-22.78379832199783,-41.82862043380738,MAP_ID_NOT_PRESENT_IN_PADI_SITE_LIST
25496,6.9155205730496565,73.20894241333009,MAP_ID_NOT_PRESENT_IN_PADI_SITE_LIST
25497,6.838530476322766,73.16340923309328,MAP_ID_NOT_PRESENT_IN_PADI_SITE_LIST
25502,36.969215295517486,25.12253522524232,MAP_ID_NOT_PRESENT_IN_PADI_SITE_LIST
25506,6.74200905570494,73.11315536499025,MAP_ID_NOT_PRESENT_IN_PADI_SITE_LIST
25509,-16.03,145.819,MAP_ID_NOT_PRESENT_IN_PADI_SITE_LIST
